 	SPACE	 
LE	DET	le
MARI	NOUN	mari
SENTIMENTAL	ADJ	sentimental
.	PUNCT	.

	SPACE	

LETTRES	NOUN	lettre
DE	ADP	de
Mr.	NOUN	mr.
BOMPRÉ	PROPN	BOMPRÉ
,	PUNCT	,
à	ADP	à
Mr.	NOUN	mr.
de	ADP	de
ST	PROPN	ST
.	NOUN	.
THOMIN	PROPN	THOMIN
,	PUNCT	,
à	ADP	à
Orbe	PROPN	Orbe
.	PUNCT	.

	SPACE	

LETTRE	NOUN	lettre
PREMIÈRE	ADJ	premier
.	PUNCT	.

	SPACE	

Mon	DET	mon
cher	ADJ	cher
Ami	NOUN	ami
,	PUNCT	,
Depuis	ADP	depuis
que	SCONJ	que
je	PRON	je
vous	PRON	vous
ai	AUX	avoir
quitté	VERB	quitter
,	PUNCT	,
je	PRON	je
n'	ADV	n'
ai	AUX	avoir
cessé	VERB	cesser
de	ADP	de
penser	VERB	penser
à	ADP	à
vous	PRON	vous
et	CCONJ	et
à	ADP	à
votre	DET	votre
bonheur	NOUN	bonheur
.	PUNCT	.

	SPACE	

Je	PRON	je
crois	VERB	croire
que	SCONJ	que
j'	PRON	je
ai	AUX	avoir
mal	ADV	mal
fait	VERB	faire
d'	ADP	de
assister	VERB	assister
à	ADP	à
vos	DET	votre
noces	NOUN	noce
;	PUNCT	;
il	PRON	il
me	PRON	me
semble	VERB	semble
que	SCONJ	que
j'	PRON	je
en	PRON	en
suis	AUX	être
devenu	VERB	devenir
moins	ADV	moins
heureux	ADJ	heureux
;	PUNCT	;
le	DET	le
plaisir	NOUN	plaisir
et	CCONJ	et
la	DET	le
gaieté	NOUN	gaieté
que	PRON	que
j'	PRON	je
ai	AUX	avoir
vu	VERB	voir
régner	VERB	régner
chez	ADP	chez
vous	PRON	vous
pendant	ADP	pendant
dix	NUM	dix
jours	NOUN	jour
,	PUNCT	,
ont	AUX	avoir
laissé	VERB	laisser
au	ADP	au
fond	NOUN	fond
de	ADP	de
mon	DET	mon
âme	NOUN	âme
une	DET	un
tristesse	NOUN	tristesse
dont	PRON	dont
je	PRON	je
ne	ADV	ne
puis	VERB	pouvoir
pas	ADV	pas
trop	ADV	trop
me	PRON	me
rendre	VERB	rendre
raison	NOUN	raison
.	PUNCT	.
Ce	PRON	ce
n'	ADV	n'
est	AUX	être
pas	ADV	pas
votre	DET	votre
bonheur	NOUN	bonheur
qui	PRON	qui
m'	PRON	me
attriste	VERB	attriste
;	PUNCT	;
je	PRON	je
crois	VERB	croire
que	SCONJ	que
c'	PRON	ce
est	AUX	être
celui	PRON	celui
qui	PRON	qui
me	PRON	me
manque	VERB	manque
.	PUNCT	.
Les	DET	le
beaux	ADJ	beal
yeux	NOUN	oeil
noirs	ADJ	noir
de	ADP	de
votre	DET	votre
femme	NOUN	femme
charmante	ADJ	charmant
avaient	VERB	avoir
tant	ADV	tant
de	ADP	de
douceur	NOUN	douceur
lorsqu'	SCONJ	lorsque
ils	PRON	il
se	PRON	se
tournaient	VERB	tourner
sur	ADP	sur
vous	PRON	vous
,	PUNCT	,
qu'	SCONJ	que
il	PRON	il
m'	PRON	me
en	PRON	en
est	AUX	être
resté	VERB	rester
une	DET	un
impression	NOUN	impression
qui	PRON	qui
ne	ADV	ne
me	PRON	me
quitte	VERB	quitte
point	ADV	point
,	PUNCT	,
et	CCONJ	et
puis	CCONJ	puis
ses	DET	son
grâces	NOUN	grâce
,	PUNCT	,
et	CCONJ	et
puis	CCONJ	puis
sa	DET	son
naïveté	NOUN	naïveté
,	PUNCT	,
et	CCONJ	et
le	DET	le
lendemain	NOUN	lendemain
son	DET	son
air	NOUN	air
si	ADV	si
doux	ADJ	doux
,	PUNCT	,
si	ADV	si
modeste	ADJ	modeste
,	PUNCT	,
et	CCONJ	et
à	ADP	à
tous	ADJ	tout
les	DET	le
deux	PRON	deux
la	DET	le
paix	NOUN	paix
,	PUNCT	,
la	DET	le
tranquillité	NOUN	tranquillité
du	ADP	de
contentement	NOUN	contentement
;	PUNCT	;
mon	DET	mon
ami	NOUN	ami
,	PUNCT	,
vous	PRON	vous
êtes	AUX	être
bienheureux	ADJ	bienheureux
.	PUNCT	.
La	DET	le
plus	ADV	plus
grande	ADJ	grand
félicité	NOUN	félicité
est	VERB	être
,	PUNCT	,
je	PRON	je
crois	VERB	croire
,	PUNCT	,
d'	ADP	de
épouser	VERB	épouser
sa	DET	son
maîtresse	NOUN	maîtresse
;	PUNCT	;
c'	PRON	ce
est	AUX	être
la	DET	le
volupté	NOUN	volupté
de	ADP	de
l'	DET	le
amour	NOUN	amour
sous	ADP	sous
les	DET	le
auspices	NOUN	auspice
de	ADP	de
la	DET	le
vertu	NOUN	vertu
.	PUNCT	.
Je	PRON	je
n'	ADV	n'
y	PRON	y
avais	AUX	avoir
jamais	ADV	jamais
pensé	VERB	penser
,	PUNCT	,
c'	PRON	ce
est	AUX	être
vous	PRON	vous
qui	PRON	qui
m'	PRON	me
en	PRON	en
avez	AUX	avoir
donné	VERB	donner
l'	DET	le
idée	NOUN	idée
;	PUNCT	;
mais	CCONJ	mais
pourquoi	ADV	pourquoi
aussi	ADV	aussi
est-elle	PRON	est-elle
si	ADV	si
rare	ADJ	rare
cette	DET	ce
félicité	NOUN	félicité
?	PUNCT	?
A	ADP	à
voir	VERB	voir
comment	ADV	comment
les	DET	le
hommes	NOUN	homme
ont	AUX	avoir
arrangé	VERB	arranger
les	DET	le
choses	NOUN	chose
,	PUNCT	,
il	PRON	il
semble	VERB	semble
qu'	SCONJ	que
ils	PRON	il
l'	PRON	l'
ont	AUX	avoir
comptée	VERB	compter
pour	ADP	pour
rien	PRON	rien
.	PUNCT	.
C'	PRON	ce
est	AUX	être
la	DET	le
fortune	NOUN	fortune
,	PUNCT	,
c'	PRON	ce
est	AUX	être
l'	DET	le
ambition	NOUN	ambition
,	PUNCT	,
c'	PRON	ce
est	AUX	être
le	DET	le
rang	NOUN	rang
,	PUNCT	,
ce	PRON	ce
sont	AUX	être
les	DET	le
convenances	NOUN	convenance
de	ADP	de
famille	NOUN	famille
que	PRON	que
l'	PRON	l'
on	PRON	on
cherche	VERB	cherche
,	PUNCT	,
et	CCONJ	et
qui	PRON	qui
décident	VERB	décider
;	PUNCT	;
on	PRON	on
dirait	VERB	dire
que	SCONJ	que
l'	DET	le
amour	NOUN	amour
est	AUX	être
une	DET	un
guenille	NOUN	guenille
qui	PRON	qui
se	PRON	se
trouvera	VERB	trouver
toujours	ADV	toujours
,	PUNCT	,
et	CCONJ	et
on	PRON	on
dit	VERB	dire
qu'	SCONJ	que
elle	PRON	lui
n'	ADV	n'
est	AUX	être
pas	ADV	pas
nécessaire	ADJ	nécessaire
pour	ADP	pour
être	AUX	être
heureux	ADJ	heureux
:	PUNCT	:
alors	ADV	alors
le	DET	le
mariage	NOUN	mariage
ne	ADV	ne
m'	PRON	me
a	AUX	avoir
pas	ADV	pas
donné	VERB	donner
l'	DET	le
idée	NOUN	idée
d'	ADP	de
un	DET	un
bien	ADV	bien
grand	ADJ	grand
bonheur	NOUN	bonheur
,	PUNCT	,
et	CCONJ	et
jusques	ADP	jusques
à	ADP	à
présent	NOUN	présent
mon	DET	mon
état	NOUN	état
de	ADP	de
célibataire	NOUN	célibataire
m'	PRON	me
a	AUX	avoir
paru	VERB	paraître
assez	ADV	assez
doux	ADJ	doux
.	PUNCT	.
Vous	PRON	vous
savez	VERB	savoir
,	PUNCT	,
mon	DET	mon
cher	ADJ	cher
St.	NOUN	st.
Thomin	PROPN	Thomin
,	PUNCT	,
que	PRON	que
j'	PRON	je
ai	AUX	avoir
quitté	VERB	quitter
le	DET	le
service	NOUN	service
,	PUNCT	,
il	PRON	il
y	PRON	y
a	VERB	avoir
plusieurs	DET	plusieurs
années	NOUN	année
,	PUNCT	,
pour	ADP	pour
être	AUX	être
auprès	ADV	auprès
d'	ADP	de
un	DET	un
père	NOUN	père
âgé	ADJ	âgé
et	CCONJ	et
infirme	ADJ	infirme
,	PUNCT	,
pour	ADP	pour
lui	PRON	lui
ôter	VERB	ôter
les	DET	le
peines	NOUN	peine
et	CCONJ	et
les	DET	le
soins	NOUN	soin
que	PRON	que
demandaient	VERB	demander
une	DET	un
très	ADV	très
-	NUM	-
petite	ADJ	petit
fortune	NOUN	fortune
et	CCONJ	et
une	DET	un
très	ADJ	trè
-	ADV	-
grande	ADJ	grand
campagne	NOUN	campagne
.	PUNCT	.
Je	PRON	je
profitai	VERB	profiter
de	ADP	de
ses	DET	son
lumières	NOUN	lumière
pour	ADP	pour
devenir	VERB	devenir
agriculteur	NOUN	agriculteur
,	PUNCT	,
j'	PRON	je
eus	VERB	avoir
la	DET	le
consolation	NOUN	consolation
de	ADP	de
suivre	VERB	suivre
ses	DET	son
intentions	NOUN	intention
,	PUNCT	,
de	ADP	de
faire	VERB	faire
sa	DET	son
volonté	NOUN	volonté
,	PUNCT	,
et	CCONJ	et
de	ADP	de
soulager	VERB	soulager
ses	DET	son
vieux	ADJ	vieux
ans	NOUN	an
.	PUNCT	.
Je	PRON	je
sentis	VERB	sentir
vivement	ADV	vivement
le	DET	le
malheur	NOUN	malheur
de	ADP	de
sa	DET	son
perte	NOUN	perte
;	PUNCT	;
je	PRON	je
restai	VERB	rester
seul	ADJ	seul
.	PUNCT	.
Les	DET	le
occupations	NOUN	occupation
de	ADP	de
la	DET	le
campagne	NOUN	campagne
furent	AUX	être
une	DET	un
distraction	NOUN	distraction
pour	ADP	pour
ma	DET	mon
douleur	NOUN	douleur
,	PUNCT	,
et	CCONJ	et
une	DET	un
ressource	NOUN	ressource
dans	ADP	dans
ma	DET	mon
solitude	NOUN	solitude
domestique	ADJ	domestique
;	PUNCT	;
mais	CCONJ	mais
il	PRON	il
m'	PRON	me
est	AUX	être
resté	VERB	rester
le	DET	le
besoin	NOUN	besoin
d'	ADP	de
un	DET	un
être	NOUN	être
estimé	VERB	estimer
et	CCONJ	et
respecté	VERB	respecter
,	PUNCT	,
auquel	PRON	auquel
je	PRON	je
pusse	VERB	pouvoir
adresser	VERB	adresser
mes	DET	mon
intentions	NOUN	intention
,	PUNCT	,
et	CCONJ	et
qui	PRON	qui
fût	AUX	être
l'	DET	le
objet	NOUN	objet
de	ADP	de
mes	DET	mon
affections	NOUN	affection
et	CCONJ	et
de	ADP	de
mes	DET	mon
travaux	NOUN	travail
.	PUNCT	.
Ce	DET	ce
besoin	NOUN	besoin
,	PUNCT	,
je	PRON	je
l'	PRON	l'
ai	AUX	avoir
mis	VERB	mettre
avec	ADP	avec
beaucoup	ADV	beaucoup
d'	ADP	de
autres	ADJ	autre
,	PUNCT	,
sur	ADP	sur
lesquels	PRON	lequel
ma	DET	mon
raison	NOUN	raison
et	CCONJ	et
ma	DET	mon
philosophie	NOUN	philosophie
m'	PRON	me
ont	AUX	avoir
appris	VERB	apprendre
à	ADP	à
prendre	VERB	prendre
mon	DET	mon
parti	NOUN	parti
.	PUNCT	.
Jusques	ADP	jusques
à	ADP	à
présent	NOUN	présent
je	PRON	je
me	PRON	me
suis	AUX	être
contenté	VERB	contenter
d'	ADP	de
un	DET	un
bien-être	NOUN	bien-être
physique	ADJ	physique
et	CCONJ	et
borné	ADJ	borné
de	ADP	de
tous	ADJ	tout
les	DET	le
moment	NOUN	moment
qui	PRON	qui
n'	ADV	n'
est	AUX	être
pas	ADV	pas
fort	ADV	fort
intéressant	ADJ	intéressant
,	PUNCT	,
mais	CCONJ	mais
qui	PRON	qui
rend	VERB	rendre
ma	DET	mon
vie	NOUN	vie
très	ADV	très
-	ADV	-
supportable	ADJ	supportable
,	PUNCT	,
et	CCONJ	et
je	PRON	je
bénis	VERB	bénir
celui	PRON	celui
de	ADP	de
qui	PRON	qui
je	PRON	je
la	PRON	le
tiens	VERB	tenir
.	PUNCT	.
L'	DET	le
éloignement	NOUN	éloignement
de	ADP	de
la	DET	le
ville	NOUN	ville
où	PRON	où
je	PRON	je
vis	VERB	voir
depuis	ADP	depuis
longtemps	ADV	longtemps
,	PUNCT	,
m'	PRON	me
a	AUX	avoir
empêché	VERB	empêcher
de	ADP	de
connaître	VERB	connaître
un	DET	un
certain	ADJ	certain
besoin	NOUN	besoin
de	ADP	de
société	NOUN	société
,	PUNCT	,
que	PRON	que
j'	PRON	je
ai	AUX	avoir
vu	VERB	voir
être	AUX	être
très	ADV	très
-	ADV	-
fort	ADJ	fort
chez	ADP	chez
ceux	PRON	celui
qui	PRON	qui
vivent	VERB	vivre
dans	ADP	dans
le	DET	le
monde	NOUN	monde
.	PUNCT	.
Je	PRON	je
ne	ADV	ne
connais	VERB	connaître
point	ADV	point
l'	DET	le
ennui	NOUN	ennui
qu'	PRON	qu'
ils	PRON	il
craignent	VERB	craindre
si	ADV	si
fort	ADV	fort
.	PUNCT	.

	SPACE	

L'	DET	le
alternative	NOUN	alternative
de	ADP	de
la	DET	le
fatigue	NOUN	fatigue
et	CCONJ	et
du	ADP	de
repos	NOUN	repos
est	AUX	être
un	DET	un
merveilleux	ADJ	merveilleux
spécifique	ADJ	spécifique
contre	ADP	contre
ce	DET	ce
mal	NOUN	mal
tyrannique	ADJ	tyrannique
,	PUNCT	,
sur-tout	ADV	sur-tout
quand	SCONJ	quand
la	DET	le
fatigue	NOUN	fatigue
a	VERB	avoir
pour	ADP	pour
objet	NOUN	objet
ou	CCONJ	ou
le	DET	le
soulagement	NOUN	soulagement
de	ADP	de
quelqu'	DET	quelque
un	PRON	un
,	PUNCT	,
ou	CCONJ	ou
une	DET	un
spéculation	NOUN	spéculation
utile	ADJ	utile
,	PUNCT	,
ou	CCONJ	ou
des	DET	un
soins	NOUN	soin
qui	PRON	qui
préviennent	VERB	prévenir
le	DET	le
mal	NOUN	mal
,	PUNCT	,
et	CCONJ	et
le	PRON	le
corrigent	VERB	corriger
.	PUNCT	.
Vous	PRON	vous
avez	AUX	avoir
vécu	VERB	vivre
quelquefois	ADV	quelquefois
avec	ADP	avec
moi	PRON	moi
,	PUNCT	,
et	CCONJ	et
j'	PRON	je
ai	AUX	avoir
vu	VERB	voir
que	SCONJ	que
mon	DET	mon
genre	NOUN	genre
de	ADP	de
vie	NOUN	vie
ne	ADV	ne
vous	PRON	vous
déplaisait	VERB	déplaire
point	ADV	point
,	PUNCT	,
cependant	ADV	cependant
vous	PRON	vous
me	PRON	me
pressiez	VERB	presser
d'	ADP	de
en	PRON	en
changer	VERB	changer
,	PUNCT	,
et	CCONJ	et
de	ADP	de
me	PRON	me
rapprocher	VERB	rapprocher
du	ADP	de
vôtre	PRON	vôtre
;	PUNCT	;
il	PRON	il
est	AUX	être
si	ADV	si
différent	ADJ	différent
du	ADP	de
mien	PRON	mien
,	PUNCT	,
que	SCONJ	que
c'	PRON	ce
est	AUX	être
pour	ADP	pour
ma	DET	mon
justification	NOUN	justification
que	PRON	que
je	PRON	je
vous	PRON	vous
en	PRON	en
parle	VERB	parle
.	PUNCT	.
Vous	PRON	vous
vous	PRON	vous
rappelez	VERB	rappeler
,	PUNCT	,
que	SCONJ	que
ma	DET	mon
campagne	NOUN	campagne
,	PUNCT	,
quoique	ADV	quoique
d'	ADP	de
un	DET	un
revenu	NOUN	revenu
médiocre	ADJ	médiocre
,	PUNCT	,
me	PRON	me
donne	VERB	donne
des	DET	un
récoltes	NOUN	récolte
de	ADP	de
toutes	ADJ	tout
les	DET	le
espèces	NOUN	espèce
;	PUNCT	;
elle	PRON	lui
me	PRON	me
met	VERB	mettre
en	ADP	en
relation	NOUN	relation
avec	ADP	avec
beaucoup	ADV	beaucoup
de	ADP	de
monde	NOUN	monde
;	PUNCT	;
je	PRON	je
fais	VERB	faire
des	DET	un
affaires	NOUN	affaire
presque	ADV	presque
dans	ADP	dans
tous	ADJ	tout
les	DET	le
genres	NOUN	genre
;	PUNCT	;
et	CCONJ	et
comme	SCONJ	comme
le	DET	le
contentement	NOUN	contentement
des	ADP	de
autres	PRON	autre
est	AUX	être
une	DET	un
jouissance	NOUN	jouissance
pour	ADP	pour
moi	PRON	moi
,	PUNCT	,
autant	ADV	autant
que	SCONJ	que
je	PRON	je
le	PRON	le
puis	VERB	pouvoir
,	PUNCT	,
je	PRON	je
laisse	VERB	laisse
à	ADP	à
ceux	PRON	celui
qui	PRON	qui
ont	VERB	avoir
à	ADP	à
faire	VERB	faire
avec	ADP	avec
moi	PRON	moi
,	PUNCT	,
et	CCONJ	et
qui	PRON	qui
viennent	VERB	venir
me	PRON	me
parler	VERB	parler
,	PUNCT	,
l'	DET	le
envie	NOUN	envie
de	ADP	de
revenir	VERB	revenir
,	PUNCT	,
et	CCONJ	et
de	ADP	de
me	PRON	me
parler	VERB	parler
encore	ADV	encore
;	PUNCT	;
je	PRON	je
sacrifie	VERB	sacrifier
à	ADP	à
cela	PRON	cela
peut-être	ADV	peut-être
quelqu'	DET	quelque
intérêt	NOUN	intérêt
,	PUNCT	,
mais	CCONJ	mais
c'	PRON	ce
est	AUX	être
mon	DET	mon
luxe	NOUN	luxe
,	PUNCT	,
et	CCONJ	et
c'	PRON	ce
est	AUX	être
ce	PRON	ce
qui	PRON	qui
me	PRON	me
tient	VERB	tenir
lieu	NOUN	lieu
de	ADP	de
cette	DET	ce
société	NOUN	société
que	PRON	que
l'	PRON	l'
on	PRON	on
va	VERB	aller
chercher	VERB	chercher
,	PUNCT	,
et	CCONJ	et
qui	PRON	qui
se	PRON	se
passe	VERB	passer
fort	ADV	fort
bien	ADV	bien
de	ADP	de
moi	PRON	moi
.	PUNCT	.
Vous	PRON	vous
savez	VERB	savoir
que	SCONJ	que
j'	PRON	je
ai	VERB	avoir
aussi	ADV	aussi
quelques	DET	quelque
amis	NOUN	ami
chasseurs	NOUN	chasseur
;	PUNCT	;
le	DET	le
temps	NOUN	temps
que	PRON	que
nous	PRON	nous
passons	VERB	passer
les	DET	le
uns	PRON	un
chez	ADP	chez
les	DET	le
autres	PRON	autre
,	PUNCT	,
est	AUX	être
gai	ADJ	gai
et	CCONJ	et
bruyant	ADJ	bruyant
,	PUNCT	,
et	CCONJ	et
contraste	VERB	contraste
fort	ADV	fort
bien	ADV	bien
avec	ADP	avec
le	DET	le
paisible	NOUN	paisible
de	ADP	de
ma	DET	mon
vie	NOUN	vie
domestique	ADJ	domestique
;	PUNCT	;
j'	PRON	je
y	PRON	y
reviens	VERB	revenir
avec	ADP	avec
plus	ADV	plus
de	ADP	de
plaisir	NOUN	plaisir
.	PUNCT	.
Ensuite	ADV	ensuite
,	PUNCT	,
pour	ADP	pour
passer	VERB	passer
en	ADP	en
revue	NOUN	revue
tous	ADJ	tout
mes	DET	mon
objets	NOUN	objet
d'	ADP	de
affection	NOUN	affection
,	PUNCT	,
il	PRON	il
y	PRON	y
a	VERB	avoir
les	DET	le
paysans	NOUN	paysan
mes	DET	mon
voisins	NOUN	voisin
,	PUNCT	,
que	PRON	que
j'	PRON	je
aime	VERB	aime
et	CCONJ	et
qui	PRON	qui
m'	PRON	me
intéressent	VERB	intéresser
.	PUNCT	.
Je	PRON	je
conviens	VERB	convenir
que	SCONJ	que
la	DET	le
plupart	NOUN	plupart
sont	AUX	être
grossiers	ADJ	grossier
et	CCONJ	et
yvrognes	ADJ	yvrogne
;	PUNCT	;
mais	CCONJ	mais
je	PRON	je
vais	VERB	aller
les	PRON	le
chercher	VERB	chercher
dans	ADP	dans
leurs	DET	leur
maisons	NOUN	maison
,	PUNCT	,
et	CCONJ	et
là	ADV	là
je	PRON	je
les	PRON	le
trouve	VERB	trouve
animés	VERB	animer
d'	ADP	de
un	DET	un
intérêt	NOUN	intérêt
et	CCONJ	et
d'	ADP	de
un	DET	un
sentiment	NOUN	sentiment
tendre	ADJ	tendre
et	CCONJ	et
humain	ADJ	humain
les	DET	le
uns	PRON	un
pour	ADP	pour
les	DET	le
autres	PRON	autre
;	PUNCT	;
il	PRON	il
y	PRON	y
a	VERB	avoir
une	DET	un
communauté	NOUN	communauté
généreuse	ADJ	généreux
entre	ADP	entre
tous	ADJ	tout
les	DET	le
individus	NOUN	individu
de	ADP	de
la	DET	le
famille	NOUN	famille
,	PUNCT	,
et	CCONJ	et
le	DET	le
bien-être	NOUN	bien-être
qui	PRON	qui
s'	PRON	se
y	PRON	y
trouve	VERB	trouve
,	PUNCT	,
est	AUX	être
également	ADV	également
reparti	VERB	repartir
entre	ADP	entre
tous	PRON	tout
:	PUNCT	:
d'	ADP	de
ailleurs	ADV	ailleurs
,	PUNCT	,
j'	PRON	je
ai	VERB	avoir
le	DET	le
plaisir	NOUN	plaisir
de	ADP	de
leur	PRON	leur
être	AUX	être
souvent	ADV	souvent
utile	ADJ	utile
,	PUNCT	,
j'	PRON	je
aide	VERB	aide
à	ADP	à
faire	VERB	faire
leurs	DET	leur
comptes	NOUN	compte
avec	ADP	avec
ceux	PRON	celui
qui	PRON	qui
achètent	VERB	acheter
leurs	DET	leur
denrées	NOUN	denrée
,	PUNCT	,
je	PRON	je
tâche	VERB	tâche
d'	ADP	de
apaiser	VERB	apaiser
leurs	DET	leur
différends	NOUN	différend
,	PUNCT	,
j'	PRON	je
écris	VERB	écrire
aux	ADP	à
Capitaines	NOUN	capitaine
pour	ADP	pour
les	DET	le
pères	NOUN	père
qui	PRON	qui
ont	VERB	avoir
des	DET	un
enfants	NOUN	enfant
au	ADP	au
service	NOUN	service
;	PUNCT	;
avec	ADP	avec
le	DET	le
livre	NOUN	livre
de	ADP	de
M.	NOUN	m.
Tissot	PROPN	Tissot
j'	PRON	je
apprends	VERB	apprendre
aux	ADP	à
malades	NOUN	malade
à	ADP	à
se	PRON	se
conduire	VERB	conduire
,	PUNCT	,
et	CCONJ	et
aux	ADP	à
mères	NOUN	mère
à	ADP	à
soigner	VERB	soigner
leurs	DET	leur
enfants	NOUN	enfant
qui	PRON	qui
souffrent	VERB	souffrir
:	PUNCT	:
il	PRON	il
y	PRON	y
a	VERB	avoir
peu	ADV	peu
de	ADP	de
jours	NOUN	jour
où	PRON	où
il	PRON	il
n'	ADV	n'
y	PRON	y
ait	VERB	avoir
quelques	DET	quelque
heures	NOUN	heure
d'	ADP	de
employées	NOUN	employé
à	ADP	à
ces	DET	ce
occupations	NOUN	occupation
.	PUNCT	.
Après	ADP	après
cela	PRON	cela
il	PRON	il
y	PRON	y
a	VERB	avoir
mon	DET	mon
cheval	NOUN	cheval
,	PUNCT	,
ah	INTJ	ah
mon	DET	mon
ami	NOUN	ami
,	PUNCT	,
quel	DET	quel
cheval	NOUN	cheval
,	PUNCT	,
quel	DET	quel
excellent	ADJ	excellent
cheval	NOUN	cheval
!	PUNCT	!
Il	PRON	il
est	AUX	être
d'	ADP	de
une	DET	un
vigueur	NOUN	vigueur
et	CCONJ	et
d'	ADP	de
une	DET	un
force	NOUN	force
sans	ADP	sans
égale	ADJ	égal
,	PUNCT	,
et	CCONJ	et
ses	DET	son
allures	NOUN	allure
sont	AUX	être
d'	ADP	de
une	DET	un
douceur	NOUN	douceur
charmante	ADJ	charmant
.	PUNCT	.
L'	DET	le
autre	ADJ	autre
jour	NOUN	jour
il	PRON	il
me	PRON	me
sauva	VERB	sauver
la	DET	le
vie	NOUN	vie
;	PUNCT	;
je	PRON	je
m'	PRON	me
étais	AUX	être
engagé	VERB	engager
dans	ADP	dans
les	DET	le
bois	NOUN	bois
,	PUNCT	,
j'	PRON	je
entrais	VERB	entrer
dans	ADP	dans
un	DET	un
marais	NOUN	marais
que	PRON	que
je	PRON	je
n'	ADV	n'
appercevais	VERB	appercever
pas	ADV	pas
,	PUNCT	,
tout	ADV	tout
d'	ADP	de
un	DET	un
coup	NOUN	coup
il	PRON	il
enfonça	VERB	enfoncer
jusques	ADP	jusques
aux	ADP	à
sangles	NOUN	sangle
,	PUNCT	,
et	CCONJ	et
sans	ADP	sans
la	DET	le
force	NOUN	force
de	ADP	de
ses	DET	son
reins	NOUN	rein
,	PUNCT	,
je	PRON	je
crois	VERB	croire
que	SCONJ	que
nous	PRON	nous
périssions	VERB	périr
tous	ADJ	tout
deux	PRON	deux
:	PUNCT	:
je	PRON	je
ne	ADV	ne
m'	PRON	me
en	PRON	en
séparerai	VERB	séparer
jamais	ADV	jamais
.	PUNCT	.
Pardonnez	VERB	pardonner
-moi	PRON	moi
aussi	ADV	aussi
,	PUNCT	,
mon	DET	mon
cher	ADJ	cher
ami	NOUN	ami
,	PUNCT	,
si	SCONJ	si
je	PRON	je
vous	PRON	vous
dis	VERB	dire
un	DET	un
mot	NOUN	mot
du	ADP	de
fidèle	ADJ	fidèle
hector	PROPN	hector
;	PUNCT	;
c'	PRON	ce
est	AUX	être
mon	DET	mon
compagnon	NOUN	compagnon
,	PUNCT	,
je	PRON	je
dirais	VERB	dire
bien	ADV	bien
c'	PRON	ce
est	AUX	être
mon	DET	mon
ami	NOUN	ami
,	PUNCT	,
si	SCONJ	si
je	PRON	je
n'	ADV	n'
avais	VERB	avoir
sous	ADP	sous
ce	DET	ce
titre	NOUN	titre
des	DET	un
reproches	NOUN	reproche
à	ADP	à
me	PRON	me
faire	VERB	faire
vis-à-vis	ADV	vis-à-vis
de	ADP	de
mon	DET	mon
chien	NOUN	chien
.	PUNCT	.
Ce	DET	ce
pauvre	ADJ	pauvre
animal	NOUN	animal
,	PUNCT	,
comme	SCONJ	comme
il	PRON	il
me	PRON	me
pardonne	VERB	pardonne
mon	DET	mon
humeur	NOUN	humeur
,	PUNCT	,
mes	DET	mon
brusqueries	NOUN	brusquerie
,	PUNCT	,
mes	DET	mon
négligences	NOUN	négligence
,	PUNCT	,
mes	DET	mon
corrections	NOUN	correction
même	ADV	même
;	PUNCT	;
combien	ADV	combien
il	PRON	il
a	AUX	avoir
souvent	ADV	souvent
léché	VERB	lécher
la	DET	le
main	NOUN	main
qui	PRON	qui
l'	PRON	l'
avait	AUX	avoir
maltraité	VERB	maltraiter
injustement	ADV	injustement
;	PUNCT	;
et	CCONJ	et
dans	ADP	dans
le	DET	le
moment	NOUN	moment
même	ADV	même
où	PRON	où
je	PRON	je
venais	VERB	venir
d'	ADP	de
être	AUX	être
injuste	ADJ	injuste
,	PUNCT	,
il	PRON	il
aurait	AUX	avoir
défendu	VERB	défendre
ma	DET	mon
maison	NOUN	maison
et	CCONJ	et
ma	DET	mon
vie	NOUN	vie
aux	ADP	à
dépens	NOUN	dépens
de	ADP	de
la	DET	le
sienne	PRON	sienne
.	PUNCT	.
En	ADP	en
vérité	NOUN	vérité
,	PUNCT	,
mon	DET	mon
cher	ADJ	cher
ami	NOUN	ami
,	PUNCT	,
si	SCONJ	si
nous	PRON	nous
voulons	VERB	vouloir
aimer	VERB	aimer
les	DET	le
hommes	NOUN	homme
,	PUNCT	,
il	PRON	il
ne	ADV	ne
faut	VERB	falloir
pas	ADV	pas
tant	ADV	tant
s'	PRON	se
attacher	VERB	attacher
aux	ADP	à
bêtes	NOUN	bête
,	PUNCT	,
et	CCONJ	et
sur-tout	ADV	sur-tout
ne	ADV	ne
point	ADV	point
comparer	VERB	comparer
leurs	DET	leur
vertus	NOUN	vertu
:	PUNCT	:
il	PRON	il
n'	ADV	n'
y	PRON	y
a	VERB	avoir
que	ADV	que
cette	DET	ce
bonne	ADJ	bon
Nanon	PROPN	Nanon
et	CCONJ	et
le	DET	le
brave	ADJ	brave
Antoine	PROPN	Antoine
qui	PRON	qui
y	PRON	y
gagneraient	VERB	gagner
.	PUNCT	.
Vous	PRON	vous
connaissez	VERB	connaître
ces	DET	ce
anciens	ADJ	ancien
domestiques	NOUN	domestique
;	PUNCT	;
j'	PRON	je
ai	AUX	avoir
vu	VERB	voir
souvent	ADV	souvent
que	SCONJ	que
vous	PRON	vous
étiez	AUX	être
touché	VERB	toucher
de	ADP	de
leurs	DET	leur
soins	NOUN	soin
et	CCONJ	et
de	ADP	de
leur	DET	leur
zèle	NOUN	zèle
pour	ADP	pour
moi	PRON	moi
,	PUNCT	,
et	CCONJ	et
eux	PRON	lui
et	CCONJ	et
moi	PRON	moi
nous	PRON	nous
avons	AUX	avoir
aussi	ADV	aussi
été	AUX	être
touchés	VERB	toucher
de	ADP	de
la	DET	le
bonté	NOUN	bonté
et	CCONJ	et
de	ADP	de
l'	DET	le
affabilité	NOUN	affabilité
amicale	ADJ	amical
avec	ADP	avec
laquelle	PRON	lequel
vous	PRON	vous
les	PRON	le
avez	AUX	avoir
toujours	ADV	toujours
traités	VERB	traiter
.	PUNCT	.
Ils	PRON	il
ont	AUX	avoir
soigné	VERB	soigner
les	DET	le
derniers	ADJ	dernier
jours	NOUN	jour
de	ADP	de
mon	DET	mon
père	NOUN	père
;	PUNCT	;
ils	PRON	il
lui	PRON	lui
ont	AUX	avoir
prodigué	VERB	prodiguer
leurs	DET	leur
soins	NOUN	soin
aux	ADP	à
dépens	NOUN	dépens
de	ADP	de
leur	DET	leur
santé	NOUN	santé
.	PUNCT	.
Tout	ADJ	tout
mon	DET	mon
désir	NOUN	désir
est	VERB	être
,	PUNCT	,
qu'	SCONJ	que
ils	PRON	il
trouvent	VERB	trouver
leur	DET	leur
bonheur	NOUN	bonheur
et	CCONJ	et
leur	DET	leur
bien-être	NOUN	bien-être
chez	ADP	chez
moi	PRON	moi
;	PUNCT	;
ils	PRON	il
sont	AUX	être
les	DET	le
maîtres	NOUN	maître
de	ADP	de
la	DET	le
maison	NOUN	maison
,	PUNCT	,
et	CCONJ	et
je	PRON	je
m'	PRON	me
en	PRON	en
trouve	VERB	trouve
bien	ADV	bien
.	PUNCT	.
Je	PRON	je
me	PRON	me
repose	VERB	repose
sur	ADP	sur
eux	PRON	lui
de	ADP	de
tous	ADJ	tout
les	DET	le
soins	NOUN	soin
domestiques	ADJ	domestique
si	ADV	si
ennuyeux	ADJ	ennuyeux
pour	ADP	pour
les	DET	le
hommes	NOUN	homme
;	PUNCT	;
je	PRON	je
n'	ADV	n'
ordonne	VERB	ordonne
rien	PRON	rien
,	PUNCT	,
et	CCONJ	et
tout	PRON	tout
va	VERB	aller
bien	ADV	bien
quoiqu'	SCONJ	quoique
il	PRON	il
arrive	VERB	arrive
chez	ADP	chez
moi	PRON	moi
,	PUNCT	,
et	CCONJ	et
si	SCONJ	si
tout	PRON	tout
ne	ADV	ne
va	VERB	aller
pas	ADV	pas
bien	ADV	bien
,	PUNCT	,
je	PRON	je
suis	AUX	être
sûr	ADJ	sûr
que	SCONJ	que
mes	DET	mon
amis	NOUN	ami
n'	ADV	n'
en	PRON	en
accuseront	VERB	accuser
pas	ADV	pas
mon	DET	mon
cœur	NOUN	cœur
,	PUNCT	,
et	CCONJ	et
alors	ADV	alors
c'	PRON	ce
est	AUX	être
moi	PRON	moi
qui	PRON	qui
console	VERB	console
mes	DET	mon
domestiques	NOUN	domestique
.	PUNCT	.
Je	PRON	je
pourrais	VERB	pouvoir
peut-être	ADV	peut-être
monter	VERB	monter
mon	DET	mon
train	NOUN	train
sur	ADP	sur
plus	ADV	plus
de	ADP	de
dépense	NOUN	dépense
,	PUNCT	,
et	CCONJ	et
y	PRON	y
mettre	VERB	mettre
plus	ADV	plus
d'	ADP	de
aisance	NOUN	aisance
;	PUNCT	;
je	PRON	je
l'	PRON	l'
ai	AUX	avoir
laissé	VERB	laisser
comme	SCONJ	comme
je	PRON	je
l'	PRON	l'
ai	AUX	avoir
trouvé	VERB	trouver
,	PUNCT	,
et	CCONJ	et
jusques	ADP	jusques
à	ADP	à
présent	NOUN	présent
ce	PRON	ce
qui	PRON	qui
me	PRON	me
reste	VERB	reste
au	ADP	au
bout	NOUN	bout
de	ADP	de
l'	DET	le
année	NOUN	année
de	ADP	de
mes	DET	mon
revenus	NOUN	revenu
,	PUNCT	,
a	AUX	avoir
toujours	ADV	toujours
fait	VERB	faire
plaisir	NOUN	plaisir
à	ADP	à
un	DET	un
ami	NOUN	ami
:	PUNCT	:
j'	PRON	je
attendrai	VERB	attendre
de	ADP	de
n'	ADV	n'
en	PRON	en
plus	ADV	plus
avoir	VERB	avoir
,	PUNCT	,
pour	ADP	pour
avoir	VERB	avoir
l'	DET	le
autre	ADJ	autre
vanité	NOUN	vanité
.	PUNCT	.
Mais	CCONJ	mais
,	PUNCT	,
mon	DET	mon
cher	ADJ	cher
ami	NOUN	ami
,	PUNCT	,
je	PRON	je
ne	ADV	ne
dois	VERB	devoir
pas	ADV	pas
vous	PRON	vous
ennuyer	VERB	ennuyer
du	ADP	de
détail	NOUN	détail
de	ADP	de
ma	DET	mon
vie	NOUN	vie
et	CCONJ	et
de	ADP	de
mes	DET	mon
affaires	NOUN	affaire
.	PUNCT	.
C'	PRON	ce
est	AUX	être
la	DET	le
première	ADJ	premier
fois	NOUN	fois
qu'	SCONJ	que
il	PRON	il
m'	PRON	me
est	AUX	être
arrivé	VERB	arriver
de	ADP	de
les	PRON	le
regarder	VERB	regarder
de	ADP	de
si	ADV	si
près	ADV	près
.	PUNCT	.
Je	PRON	je
ne	ADV	ne
sais	VERB	savoir
quel	DET	quel
sentiment	NOUN	sentiment
j'	PRON	je
ai	AUX	avoir
rapporté	VERB	rapporter
de	ADP	de
chez	ADP	chez
vous	PRON	vous
,	PUNCT	,
ni	CCONJ	ni
pourquoi	ADV	pourquoi
j'	PRON	je
ai	AUX	avoir
été	AUX	être
obligé	VERB	obliger
d'	ADP	de
examiner	VERB	examiner
,	PUNCT	,
si	SCONJ	si
réellement	ADV	réellement
j'	PRON	je
étais	AUX	être
heureux	ADJ	heureux
;	PUNCT	;
c'	PRON	ce
est	AUX	être
votre	DET	votre
faute	NOUN	faute
.	PUNCT	.
Je	PRON	je
me	PRON	me
suis	AUX	être
réjoui	VERB	réjouir
de	ADP	de
votre	DET	votre
bonheur	NOUN	bonheur
,	PUNCT	,
et	CCONJ	et
on	PRON	on
ne	ADV	ne
s'	PRON	se
occupe	VERB	occupe
jamais	ADV	jamais
du	ADP	de
bonheur	NOUN	bonheur
des	ADP	de
autres	PRON	autre
sans	ADP	sans
faire	VERB	faire
un	DET	un
retour	NOUN	retour
sur	ADP	sur
le	DET	le
sien	NOUN	sien
.	PUNCT	.
Le	DET	le
vôtre	PROPN	vôtre
m'	PRON	me
a	AUX	avoir
paru	VERB	paraître
si	ADV	si
vrai	ADJ	vrai
,	PUNCT	,
il	PRON	il
est	AUX	être
si	ADV	si
différent	ADJ	différent
du	ADP	de
mien	PRON	mien
,	PUNCT	,
que	SCONJ	que
lorsque	SCONJ	lorsque
je	PRON	je
suis	AUX	être
revenu	VERB	revenir
chez	ADP	chez
moi	PRON	moi
,	PUNCT	,
j'	PRON	je
ai	AUX	avoir
cherché	VERB	chercher
chicane	NOUN	chicane
à	ADP	à
tout	ADJ	tout
ce	PRON	ce
qui	PRON	qui
en	PRON	en
faisait	VERB	faire
l'	DET	le
objet	NOUN	objet
;	PUNCT	;
tout	PRON	tout
avait	AUX	avoir
perdu	VERB	perdre
à	ADP	à
mes	DET	mon
yeux	NOUN	oeil
:	PUNCT	:
j'	PRON	je
ai	AUX	avoir
eu	VERB	avoir
besoin	NOUN	besoin
de	ADP	de
la	DET	le
réflexion	NOUN	réflexion
pour	ADP	pour
me	PRON	me
remettre	VERB	remettre
au	ADP	au
courant	NOUN	courant
de	ADP	de
mes	DET	mon
affections	NOUN	affection
.	PUNCT	.
Les	DET	le
soirées	NOUN	soirée
d'	ADP	de
hiver	NOUN	hiver
commencent	VERB	commencer
à	ADP	à
être	AUX	être
bien	ADV	bien
longues	ADJ	long
:	PUNCT	:
mon	DET	mon
chien	NOUN	chien
dort	VERB	dormir
,	PUNCT	,
mon	DET	mon
cheval	NOUN	cheval
est	VERB	être
dans	ADP	dans
l'	DET	le
écurie	NOUN	écurie
,	PUNCT	,
mes	DET	mon
domestiques	NOUN	domestique
ne	ADV	ne
se	PRON	se
plaisent	VERB	plaire
point	ADV	point
dans	ADP	dans
ma	DET	mon
compagnie	NOUN	compagnie
.	PUNCT	.
Il	PRON	il
y	PRON	y
a	VERB	avoir
des	DET	un
moment	NOUN	moment
où	PRON	où
on	PRON	on
se	PRON	se
trouve	VERB	trouve
bien	ADV	bien
seul	ADJ	seul
,	PUNCT	,
où	PRON	où
on	PRON	on
a	VERB	avoir
là	ADV	là
quelque	DET	quelque
chose	NOUN	chose
dans	ADP	dans
le	DET	le
cœur	NOUN	cœur
qui	PRON	qui
a	VERB	avoir
besoin	NOUN	besoin
de	ADP	de
verser	VERB	verser
dans	ADP	dans
celui	PRON	celui
d'	ADP	de
un	DET	un
autre	PRON	autre
;	PUNCT	;
aujourd'hui	ADV	aujourd'hui
c'	PRON	ce
est	AUX	être
dans	ADP	dans
le	DET	le
vôtre	DET	vôtre
,	PUNCT	,
mais	CCONJ	mais
demain	ADV	demain
.....	PUNCT	.....
?	PUNCT	?
Pourquoi	ADV	pourquoi
est	AUX	être
-ce	PRON	-ce
à	ADP	à
quarante	NUM	quarante
-	NUM	-
six	NUM	six
ans	NOUN	an
que	SCONJ	que
je	PRON	je
commence	VERB	commencer
à	ADP	à
éprouver	VERB	éprouver
ce	DET	ce
sentiment	NOUN	sentiment
?	PUNCT	?
Vienne	VERB	venir
le	DET	le
printemps	NOUN	printemps
,	PUNCT	,
et	CCONJ	et
il	PRON	il
passera	VERB	passer
comme	ADP	comme
tant	ADV	tant
d'	ADP	de
autres	ADJ	autre
inquiétudes	NOUN	inquiétude
attachées	VERB	attacher
à	ADP	à
l'	DET	le
humanité	NOUN	humanité
,	PUNCT	,
et	CCONJ	et
j'	PRON	je
oublierai	VERB	oublier
ces	DET	ce
maudites	ADJ	maudire
noces	NOUN	noce
qui	PRON	qui
ont	AUX	avoir
dérangé	VERB	déranger
mes	DET	mon
idées	NOUN	idée
sur	ADP	sur
le	DET	le
bonheur	NOUN	bonheur
.	PUNCT	.
Je	PRON	je
vous	PRON	vous
quitte	VERB	quitte
,	PUNCT	,
mon	DET	mon
cher	ADJ	cher
ami	NOUN	ami
,	PUNCT	,
quoique	SCONJ	quoique
j'	PRON	je
aie	VERB	avoir
bien	ADV	bien
de	ADP	de
la	DET	le
douceur	NOUN	douceur
et	CCONJ	et
bien	ADV	bien
de	ADP	de
la	DET	le
consolation	NOUN	consolation
de	ADP	de
causer	VERB	causer
avec	ADP	avec
vous	PRON	vous
,	PUNCT	,
et	CCONJ	et
que	PRON	que
j'	PRON	je
aurais	VERB	avoir
encore	ADV	encore
bien	ADV	bien
des	DET	un
choses	NOUN	chose
à	ADP	à
vous	PRON	vous
dire	VERB	dire
;	PUNCT	;
mais	CCONJ	mais
c'	PRON	ce
est	AUX	être
demain	ADV	demain
le	DET	le
jour	NOUN	jour
du	ADP	de
marché	NOUN	marché
,	PUNCT	,
Antoine	PROPN	Antoine
vient	VERB	venir
m'	PRON	me
en	PRON	en
avertir	VERB	avertir
,	PUNCT	,
il	PRON	il
faut	VERB	falloir
y	PRON	y
envoyer	VERB	envoyer
du	DET	de
bled	NOUN	bled
à	ADP	à
vendre	VERB	vendre
,	PUNCT	,
et	CCONJ	et
j'	PRON	je
ai	VERB	avoir
des	DET	un
ordres	NOUN	ordre
à	ADP	à
donner	VERB	donner
pour	ADP	pour
cela	PRON	cela
,	PUNCT	,
je	PRON	je
vais	VERB	aller
donc	ADV	donc
à	ADP	à
mon	DET	mon
grenier	NOUN	grenier
;	PUNCT	;
ce	PRON	ce
n'	ADV	n'
est	AUX	être
pas	ADV	pas
avec	ADP	avec
le	DET	le
même	ADJ	même
plaisir	NOUN	plaisir
que	PRON	que
j'	PRON	je
allais	VERB	aller
aux	ADP	à
champs	NOUN	champ
,	PUNCT	,
c'	PRON	ce
est	VERB	être
même	ADV	même
avec	ADP	avec
un	DET	un
certain	ADJ	certain
dégoût	NOUN	dégoût
,	PUNCT	,
et	CCONJ	et
je	PRON	je
voudrais	VERB	vouloir
n'	ADV	n'
avoir	VERB	avoir
jamais	ADV	jamais
rien	PRON	rien
à	ADP	à
vendre	VERB	vendre
.	PUNCT	.
J'	PRON	je
aime	VERB	aime
l'	DET	le
agriculture	NOUN	agriculture
,	PUNCT	,
je	PRON	je
n'	ADV	n'
en	PRON	en
crains	VERB	craindre
ni	CCONJ	ni
la	DET	le
peine	NOUN	peine
ni	CCONJ	ni
les	DET	le
hazards	NOUN	hazard
,	PUNCT	,
et	CCONJ	et
il	PRON	il
me	PRON	me
paraît	VERB	paraître
bien	ADV	bien
,	PUNCT	,
que	SCONJ	que
de	ADP	de
tout	ADJ	tout
ce	PRON	ce
qu'	PRON	qu'
on	PRON	on
cultive	VERB	cultive
,	PUNCT	,
la	DET	le
terre	NOUN	terre
est	AUX	être
ce	PRON	ce
qu'	PRON	qu'
il	PRON	il
y	PRON	y
a	VERB	avoir
de	ADP	de
moins	ADV	moins
ingrat	ADJ	ingrat
.	PUNCT	.
Mes	DET	mon
travaux	NOUN	travail
ne	ADV	ne
sont	AUX	être
point	ADV	point
sans	ADP	sans
succès	NOUN	succès
,	PUNCT	,
et	CCONJ	et
de	ADP	de
toutes	ADJ	tout
les	DET	le
terres	NOUN	terre
des	ADP	de
environs	NOUN	environ
il	PRON	il
n'	ADV	n'
en	PRON	en
est	VERB	être
point	ADV	point
dont	PRON	dont
le	DET	le
produit	NOUN	produit
égale	VERB	égale
celui	PRON	celui
des	ADP	de
miennes	NOUN	mienne
;	PUNCT	;
les	DET	le
récoltes	NOUN	récolte
relativement	ADV	relativement
aux	ADP	à
années	NOUN	année
,	PUNCT	,
ont	AUX	avoir
toujours	ADV	toujours
rempli	VERB	remplir
,	PUNCT	,
et	CCONJ	et
même	ADV	même
surpassé	VERB	surpasser
mes	DET	mon
espérances	NOUN	espérance
;	PUNCT	;
les	DET	le
moment	NOUN	moment
de	ADP	de
semer	VERB	semer
et	CCONJ	et
de	ADP	de
recueillir	VERB	recueillir
sont	AUX	être
accompagnés	VERB	accompagner
d'	ADP	de
espoir	NOUN	espoir
et	CCONJ	et
de	ADP	de
plaisirs	NOUN	plaisir
,	PUNCT	,
qui	PRON	qui
dédommagent	VERB	dédommager
de	ADP	de
toutes	ADJ	tout
les	DET	le
peines	NOUN	peine
,	PUNCT	,
et	CCONJ	et
qui	PRON	qui
attachent	VERB	attacher
à	ADP	à
l'	DET	le
agriculture	NOUN	agriculture
;	PUNCT	;
ce	PRON	ce
qui	PRON	qui
en	PRON	en
dégoûte	VERB	dégoûte
,	PUNCT	,
c'	PRON	ce
est	AUX	être
l'	DET	le
embarras	NOUN	embarras
du	ADP	de
débit	NOUN	débit
des	ADP	de
denrées	NOUN	denrée
,	PUNCT	,
c'	PRON	ce
est	AUX	être
l'	DET	le
ennui	NOUN	ennui
de	ADP	de
vendre	VERB	vendre
,	PUNCT	,
les	DET	le
détails	NOUN	détail
en	PRON	en
sont	AUX	être
pénibles	ADJ	pénible
et	CCONJ	et
désagréables	ADJ	désagréable
,	PUNCT	,
ou	CCONJ	ou
il	PRON	il
faut	VERB	falloir
renoncer	VERB	renoncer
au	ADP	au
prix	NOUN	prix
auquel	PRON	auquel
on	PRON	on
avait	AUX	avoir
estimé	VERB	estimer
ses	DET	son
denrées	NOUN	denrée
,	PUNCT	,
ou	CCONJ	ou
il	PRON	il
faut	VERB	falloir
se	PRON	se
débattre	VERB	débattre
avec	ADP	avec
des	DET	un
marchands	NOUN	marchand
qui	PRON	qui
veulent	VERB	vouloir
acheter	VERB	acheter
à	ADP	à
vil	ADJ	vil
prix	NOUN	prix
.	PUNCT	.
Je	PRON	je
vois	VERB	voir
souvent	ADV	souvent
des	DET	un
agriculteurs	NOUN	agriculteur
,	PUNCT	,
et	CCONJ	et
même	ADV	même
des	DET	un
paysans	NOUN	paysan
,	PUNCT	,
être	AUX	être
pauvres	ADJ	pauvre
avec	ADP	avec
des	DET	un
greniers	NOUN	grenier
garnis	VERB	garnir
de	ADP	de
grains	NOUN	grain
et	CCONJ	et
des	DET	un
celliers	NOUN	cellier
remplis	VERB	remplir
de	ADP	de
vins	NOUN	vin
:	PUNCT	:
le	DET	le
cultivateur	NOUN	cultivateur
qui	PRON	qui
était	AUX	être
si	ADV	si
gai	ADJ	gai
dans	ADP	dans
les	DET	le
temps	NOUN	temps
des	ADP	de
récoltes	NOUN	récolte
,	PUNCT	,
est	AUX	être
triste	ADJ	triste
avec	ADP	avec
ses	DET	son
richesses	NOUN	richesse
entassées	VERB	entasser
dans	ADP	dans
sa	DET	son
maison	NOUN	maison
;	PUNCT	;
il	PRON	il
attend	VERB	attendre
avec	ADP	avec
impatience	NOUN	impatience
celui	PRON	celui
qui	PRON	qui
a	VERB	avoir
de	ADP	de
l'	DET	le
argent	NOUN	argent
,	PUNCT	,
ou	CCONJ	ou
il	PRON	il
faut	VERB	falloir
que	SCONJ	que
ses	DET	son
peines	NOUN	peine
recommencent	VERB	recommencer
pour	ADP	pour
aller	VERB	aller
le	PRON	le
chercher	VERB	chercher
.	PUNCT	.
Je	PRON	je
crois	VERB	croire
l'	DET	le
économie	NOUN	économie
politique	ADJ	politique
en	ADP	en
défaut	NOUN	défaut
sur	ADP	sur
le	DET	le
débit	NOUN	débit
et	CCONJ	et
le	DET	le
commerce	NOUN	commerce
des	ADP	de
denrées	NOUN	denrée
.	PUNCT	.
Les	DET	le
villes	NOUN	ville
craignent	VERB	craindre
la	DET	le
cherté	NOUN	cherté
,	PUNCT	,
les	DET	le
habitants	NOUN	habitant
de	ADP	de
la	DET	le
campagne	NOUN	campagne
craignent	VERB	craindre
le	DET	le
bon	ADJ	bon
marché	NOUN	marché
;	PUNCT	;
n'	ADV	n'
y	PRON	y
aurait	VERB	avoir
-il	PRON	il
point	PRON	point
de	DET	de
moyen	NOUN	moyen
d'	ADP	de
obvier	VERB	obvier
à	ADP	à
ces	DET	ce
deux	NUM	deux
inconvéniens	NOUN	inconvénien
?	PUNCT	?

	SPACE	

J'	PRON	je
ai	VERB	avoir
des	DET	un
idées	NOUN	idée
là	ADV	là
-	ADV	-
dessus	ADV	dessus
que	PRON	que
je	PRON	je
veux	VERB	vouloir
vous	PRON	vous
communiquer	VERB	communiquer
.	PUNCT	.
Vous	PRON	vous
occupez	VERB	occuper
une	DET	un
place	NOUN	place
dans	ADP	dans
la	DET	le
magistrature	NOUN	magistrature
de	ADP	de
votre	DET	votre
ville	NOUN	ville
:	PUNCT	:
vous	PRON	vous
serez	VERB	être
à	ADP	à
même	ADV	même
de	ADP	de
les	PRON	le
juger	VERB	juger
;	PUNCT	;
et	CCONJ	et
quoique	SCONJ	quoique
la	DET	le
ville	NOUN	ville
d'	ADP	de
Orbe	PROPN	Orbe
ne	ADV	ne
demande	VERB	demande
pas	ADV	pas
de	DET	de
grandes	ADJ	grand
vues	NOUN	vue
pour	ADP	pour
son	DET	son
approvisionnement	NOUN	approvisionnement
,	PUNCT	,
elle	PRON	lui
peut	VERB	pouvoir
cependant	ADV	cependant
servir	VERB	servir
à	ADP	à
juger	VERB	juger
du	ADP	de
petit	ADJ	petit
au	ADP	au
grand	ADJ	grand
.	PUNCT	.
Mais	CCONJ	mais
ce	PRON	ce
n'	ADV	n'
est	AUX	être
pas	ADV	pas
dans	ADP	dans
ce	DET	ce
moment	NOUN	moment
;	PUNCT	;
ce	PRON	ce
n'	ADV	n'
est	AUX	être
pas	ADV	pas
après	ADP	après
quinze	NUM	quinze
jours	NOUN	jour
de	ADP	de
mariage	NOUN	mariage
,	PUNCT	,
que	PRON	que
je	PRON	je
veux	VERB	vouloir
prendre	VERB	prendre
votre	DET	votre
temps	NOUN	temps
pour	ADP	pour
vous	PRON	vous
faire	AUX	faire
écouter	VERB	écouter
mes	DET	mon
longues	ADJ	long
raisons	NOUN	raison
et	CCONJ	et
mes	DET	mon
idées	NOUN	idée
sérieuses	ADJ	sérieux
,	PUNCT	,
elles	PRON	lui
vous	PRON	vous
paraîtraient	VERB	paraître
ennuyeuses	ADJ	ennuyeux
,	PUNCT	,
il	PRON	il
est	AUX	être
plus	ADV	plus
sûr	ADJ	sûr
d'	ADP	de
attendre	VERB	attendre
trois	NUM	trois
ou	CCONJ	ou
quatre	NUM	quatre
semaines	NOUN	semaine
;	PUNCT	;
aujourd'hui	ADV	aujourd'hui
vous	PRON	vous
écouteriez	VERB	écouter
peu	ADV	peu
les	DET	le
droits	NOUN	droit
de	ADP	de
l'	DET	le
amitié	NOUN	amitié
,	PUNCT	,
vous	PRON	vous
serez	VERB	être
plus	ADV	plus
indulgent	ADJ	indulgent
dans	ADP	dans
quelque	DET	quelque
temps	NOUN	temps
,	PUNCT	,
et	CCONJ	et
je	PRON	je
vous	PRON	vous
donne	VERB	donne
jusques	ADP	jusques
à	ADP	à
deux	NUM	deux
mois	NOUN	mois
,	PUNCT	,
ne	ADV	ne
me	PRON	me
laissez	VERB	laisser
cependant	ADV	cependant
pas	ADV	pas
absolument	ADV	absolument
sans	ADP	sans
réponse	NOUN	réponse
;	PUNCT	;
quatre	NUM	quatre
mots	NOUN	mot
,	PUNCT	,
si	SCONJ	si
vous	PRON	vous
voulez	VERB	vouloir
.	PUNCT	.
Votre	DET	votre
silence	NOUN	silence
me	PRON	me
ferait	VERB	faire
trop	ADV	trop
de	ADP	de
mal	NOUN	mal
dans	ADP	dans
ce	DET	ce
moment	NOUN	moment
,	PUNCT	,
je	PRON	je
sentirais	VERB	sentir
trop	ADV	trop
vivement	ADV	vivement
ma	DET	mon
solitude	NOUN	solitude
,	PUNCT	,
et	CCONJ	et
alors	ADV	alors
je	PRON	je
ne	ADV	ne
sais	VERB	savoir
pas	ADV	pas
de	ADP	de
quoi	PRON	quoi
je	PRON	je
serais	AUX	être
capable	ADJ	capable
;	PUNCT	;
pensez	VERB	penser
donc	ADV	donc
à	ADP	à
votre	DET	votre
ami	NOUN	ami
,	PUNCT	,
je	PRON	je
vous	PRON	vous
en	PRON	en
prie	VERB	prier
,	PUNCT	,
il	PRON	il
vous	PRON	vous
aime	VERB	aime
,	PUNCT	,
il	PRON	il
vous	PRON	vous
est	AUX	être
tendrement	ADV	tendrement
attaché	VERB	attacher
.	PUNCT	.

	SPACE	

LETTRE	NOUN	lettre
II	ADJ	ii
.	PUNCT	.

	SPACE	

Vous	PRON	vous
croyez	VERB	croire
donc	ADV	donc
,	PUNCT	,
mon	DET	mon
cher	ADJ	cher
ami	NOUN	ami
,	PUNCT	,
que	SCONJ	que
c'	PRON	ce
est	AUX	être
une	DET	un
compagne	NOUN	compagne
,	PUNCT	,
une	DET	un
femme	NOUN	femme
,	PUNCT	,
qui	PRON	qui
manque	VERB	manque
à	ADP	à
ma	DET	mon
vie	NOUN	vie
:	PUNCT	:
cela	PRON	cela
est	AUX	être
peut-être	ADV	peut-être
très	ADV	très
-	ADV	-
vrai	ADJ	vrai
,	PUNCT	,
mais	CCONJ	mais
je	PRON	je
ne	ADV	ne
veux	VERB	vouloir
pas	ADV	pas
le	PRON	le
croire	VERB	croire
;	PUNCT	;
je	PRON	je
ne	ADV	ne
prendrai	VERB	prendre
point	ADV	point
vos	DET	votre
plaisanteries	NOUN	plaisanterie
pour	ADP	pour
des	DET	un
raisons	NOUN	raison
.	PUNCT	.
On	PRON	on
a	AUX	avoir
toujours	ADV	toujours
plaisanté	VERB	plaisanter
les	DET	le
vieux	ADJ	vieux
garçons	NOUN	garçon
;	PUNCT	;
on	PRON	on
les	PRON	le
condamne	VERB	condamne
et	CCONJ	et
on	PRON	on
les	PRON	le
plaint	VERB	plaindre
rarement	ADV	rarement
:	PUNCT	:
j'	PRON	je
en	PRON	en
ai	AUX	avoir
vu	VERB	voir
plusieurs	PRON	plusieurs
qui	PRON	qui
ont	AUX	avoir
su	VERB	savoir
être	AUX	être
heureux	ADJ	heureux
,	PUNCT	,
et	CCONJ	et
je	PRON	je
saurai	VERB	savoir
l'	PRON	l'
être	AUX	être
.	PUNCT	.
Soyez	VERB	être
-	PRON	-
le	PRON	le
avec	ADP	avec
votre	DET	votre
épouse	NOUN	épouse
charmante	ADJ	charmant
;	PUNCT	;
que	SCONJ	que
le	DET	le
temps	NOUN	temps
et	CCONJ	et
la	DET	le
possession	NOUN	possession
ne	ADV	ne
changent	VERB	changer
rien	PRON	rien
à	ADP	à
vos	DET	votre
sentiment	NOUN	sentiment
réciproques	ADJ	réciproque
;	PUNCT	;
je	PRON	je
le	PRON	le
souhaite	VERB	souhaite
:	PUNCT	:
que	SCONJ	que
l'	DET	le
amitié	NOUN	amitié
succède	VERB	succéder
à	ADP	à
l'	DET	le
amour	NOUN	amour
;	PUNCT	;
je	PRON	je
l'	PRON	l'
espère	VERB	espérer
:	PUNCT	:
que	SCONJ	que
des	DET	un
enfants	NOUN	enfant
viennent	VERB	venir
resserrer	VERB	resserrer
vos	DET	votre
liens	NOUN	lien
,	PUNCT	,
et	CCONJ	et
ajouter	VERB	ajouter
un	DET	un
intérêt	NOUN	intérêt
nouveau	ADJ	nouveau
à	ADP	à
votre	DET	votre
bonheur	NOUN	bonheur
;	PUNCT	;
je	PRON	je
n'	ADV	n'
en	PRON	en
doute	VERB	doute
pas	ADV	pas
:	PUNCT	:
que	SCONJ	que
les	DET	le
différentes	ADJ	différent
circonstances	NOUN	circonstance
de	ADP	de
la	DET	le
vie	NOUN	vie
n'	ADV	n'
occasionnent	VERB	occasionner
entre	ADP	entre
vous	PRON	vous
ni	CCONJ	ni
contradictions	NOUN	contradiction
,	PUNCT	,
ni	CCONJ	ni
disputes	NOUN	dispute
;	PUNCT	;
Dieu	PROPN	Dieu
le	PRON	le
veuille	VERB	vouloir
.	PUNCT	.

	SPACE	

Vous	PRON	vous
pouvez	VERB	pouvoir
être	AUX	être
plus	ADV	plus
heureux	ADJ	heureux
que	SCONJ	que
moi	PRON	moi
,	PUNCT	,
mais	CCONJ	mais
je	PRON	je
n'	ADV	n'
ai	VERB	avoir
pas	ADV	pas
autant	ADV	autant
de	ADP	de
malheur	NOUN	malheur
à	ADP	à
craindre	VERB	craindre
que	SCONJ	que
vous	PRON	vous
;	PUNCT	;
voilà	VERB	voilà
ma	DET	mon
consolation	NOUN	consolation
.	PUNCT	.
Ce	PRON	ce
que	PRON	que
je	PRON	je
dois	VERB	devoir
à	ADP	à
la	DET	le
société	NOUN	société
,	PUNCT	,
je	PRON	je
le	PRON	le
payerai	VERB	payer
à	ADP	à
mon	DET	mon
prochain	NOUN	prochain
;	PUNCT	;
c'	PRON	ce
est	AUX	être
lui	PRON	lui
qui	PRON	qui
sera	AUX	être
ma	DET	mon
famille	NOUN	famille
et	CCONJ	et
mes	DET	mon
enfants	NOUN	enfant
,	PUNCT	,
et	CCONJ	et
voilà	VERB	voilà
pour	ADP	pour
ma	DET	mon
conscience	NOUN	conscience
.	PUNCT	.
Non	ADV	non
,	PUNCT	,
mon	DET	mon
ami	NOUN	ami
,	PUNCT	,
les	DET	le
femmes	NOUN	femme
n'	ADV	n'
influeront	VERB	influer
point	NOUN	point
sur	ADP	sur
ma	DET	mon
vie	NOUN	vie
,	PUNCT	,
et	CCONJ	et
mon	DET	mon
sort	NOUN	sort
ne	ADV	ne
dépendra	VERB	dépendre
point	ADV	point
d'	ADP	de
elles	PRON	lui
;	PUNCT	;
il	PRON	il
y	PRON	y
a	VERB	avoir
longtemps	ADV	longtemps
qu'	SCONJ	que
elles	PRON	lui
l'	PRON	l'
ont	AUX	avoir
décidé	VERB	décider
ainsi	ADV	ainsi
:	PUNCT	:
j'	PRON	je
ai	AUX	avoir
toujours	ADV	toujours
été	AUX	être
trop	ADV	trop
laid	ADJ	laid
,	PUNCT	,
et	CCONJ	et
aujourd'hui	ADV	aujourd'hui
je	PRON	je
suis	AUX	être
trop	ADV	trop
vieux	ADJ	vieux
pour	ADP	pour
obtenir	VERB	obtenir
d'	ADP	de
elles	PRON	lui
aucun	DET	aucun
retour	NOUN	retour
.	PUNCT	.
J'	PRON	je
ai	AUX	avoir
éprouvé	VERB	éprouver
qu'	SCONJ	que
un	DET	un
cœur	NOUN	cœur
tendre	ADJ	tendre
ne	ADV	ne
signifiait	VERB	signifier
rien	PRON	rien
avec	ADP	avec
de	DET	de
petits	ADJ	petit
yeux	NOUN	oeil
,	PUNCT	,
un	DET	un
nez	NOUN	nez
épaté	VERB	épater
,	PUNCT	,
de	DET	de
grosses	ADJ	gros
lèvres	NOUN	lèvre
,	PUNCT	,
un	DET	un
front	NOUN	front
presque	ADV	presque
chauve	ADJ	chauve
,	PUNCT	,
et	CCONJ	et
une	DET	un
taille	NOUN	taille
peu	ADV	peu
élancée	ADJ	élancé
;	PUNCT	;
j'	PRON	je
ai	AUX	avoir
eu	VERB	avoir
la	DET	le
mortification	NOUN	mortification
d'	ADP	de
en	PRON	en
être	AUX	être
souvent	ADV	souvent
convaincu	VERB	convaincre
.	PUNCT	.
Autrefois	ADV	autrefois
,	PUNCT	,
lorsque	SCONJ	lorsque
j'	PRON	je
étais	VERB	être
au	ADP	au
service	NOUN	service
,	PUNCT	,
je	PRON	je
cherchais	VERB	chercher
aussi	ADV	aussi
à	ADP	à
plaire	VERB	plaire
;	PUNCT	;
je	PRON	je
sentais	VERB	sentir
fort	ADV	fort
bien	ADV	bien
le	DET	le
bonheur	NOUN	bonheur
de	ADP	de
réussir	VERB	réussir
,	PUNCT	,
et	CCONJ	et
d'	ADP	de
inspirer	VERB	inspirer
un	DET	un
peu	NOUN	peu
de	ADP	de
sentiment	NOUN	sentiment
et	CCONJ	et
de	ADP	de
retour	NOUN	retour
;	PUNCT	;
j'	PRON	je
aurais	AUX	avoir
été	AUX	être
vivement	ADV	vivement
sensible	ADJ	sensible
à	ADP	à
la	DET	le
moindre	ADJ	moindre
faveur	NOUN	faveur
.	PUNCT	.
Mon	DET	mon
ambition	NOUN	ambition
avec	ADP	avec
les	DET	le
femmes	NOUN	femme
a	AUX	avoir
toujours	ADV	toujours
été	AUX	être
sans	ADP	sans
succès	NOUN	succès
;	PUNCT	;
les	DET	le
unes	PRON	un
se	PRON	se
moquaient	VERB	moquer
de	ADP	de
moi	PRON	moi
,	PUNCT	,
et	CCONJ	et
me	PRON	me
faisaient	VERB	faire
l'	DET	le
objet	NOUN	objet
de	ADP	de
leurs	DET	leur
plaisanteries	NOUN	plaisanterie
,	PUNCT	,
les	DET	le
autres	PRON	autre
me	PRON	me
laissaient	VERB	laisser
entrevoir	VERB	entrevoir
le	DET	le
dégoût	NOUN	dégoût
que	PRON	que
je	PRON	je
leur	PRON	leur
inspirais	VERB	inspirer
;	PUNCT	;
les	DET	le
plus	ADV	plus
franches	ADJ	franc
me	PRON	me
disaient	VERB	dire
que	SCONJ	que
les	DET	le
prétentions	NOUN	prétention
me	PRON	me
rendaient	VERB	rendre
ridicule	ADJ	ridicule
.	PUNCT	.
Une	DET	un
fois	NOUN	fois
cependant	ADV	cependant
je	PRON	je
crus	VERB	croire
être	AUX	être
plus	ADV	plus
heureux	ADJ	heureux
:	PUNCT	:
on	PRON	on
m'	PRON	me
écoutait	VERB	écouter
,	PUNCT	,
je	PRON	je
me	PRON	me
flattais	VERB	flatter
de	ADP	de
ne	ADV	ne
pas	ADV	pas
déplaire	VERB	déplaire
;	PUNCT	;
je	PRON	je
croyais	VERB	croire
que	SCONJ	que
mes	DET	mon
sentiment	NOUN	sentiment
avaient	AUX	avoir
fait	AUX	faire
pardonner	VERB	pardonner
ma	DET	mon
triste	ADJ	triste
figure	NOUN	figure
;	PUNCT	;
j'	PRON	je
avais	VERB	avoir
des	DET	un
espérances	NOUN	espérance
sans	ADP	sans
avoir	VERB	avoir
ni	CCONJ	ni
vanité	NOUN	vanité
,	PUNCT	,
ni	CCONJ	ni
amour	NOUN	amour
-	NOUN	-
propre	NOUN	propre
;	PUNCT	;
mon	DET	mon
cœur	NOUN	cœur
était	AUX	être
de	ADP	de
bonne-foi	NOUN	bonne-foi
;	PUNCT	;
on	PRON	on
paraissait	VERB	paraître
sensible	ADJ	sensible
à	ADP	à
ma	DET	mon
délicatesse	NOUN	délicatesse
:	PUNCT	:
il	PRON	il
me	PRON	me
semblait	VERB	sembler
que	SCONJ	que
l'	PRON	l'
on	PRON	on
faisait	VERB	faire
cas	NOUN	cas
de	ADP	de
mon	DET	mon
esprit	NOUN	esprit
et	CCONJ	et
de	ADP	de
mon	DET	mon
caractère	NOUN	caractère
:	PUNCT	:
on	PRON	on
faisait	VERB	faire
valoir	VERB	valoir
de	DET	de
mauvais	ADJ	mauvais
vers	NOUN	vers
et	CCONJ	et
de	ADP	de
mauvaises	ADJ	mauvais
chansons	NOUN	chanson
;	PUNCT	;
on	PRON	on
riait	VERB	rire
de	ADP	de
ma	DET	mon
gaieté	NOUN	gaieté
:	PUNCT	:
enfin	ADV	enfin
,	PUNCT	,
je	PRON	je
crus	VERB	croire
qu'	SCONJ	que
il	PRON	il
y	PRON	y
avait	VERB	avoir
sympathie	NOUN	sympathie
entre	ADP	entre
l'	DET	le
objet	NOUN	objet
de	ADP	de
mes	DET	mon
vœux	NOUN	vœu
et	CCONJ	et
moi	PRON	moi
,	PUNCT	,
d'	ADP	de
autant	ADV	autant
plus	ADV	plus
que	SCONJ	que
l'	PRON	l'
on	PRON	on
traitait	VERB	traiter
tous	ADJ	tout
les	DET	le
autres	ADJ	autre
hommes	NOUN	homme
sans	ADP	sans
conséquence	NOUN	conséquence
et	CCONJ	et
avec	ADP	avec
indifférence	NOUN	indifférence
.	PUNCT	.
Il	PRON	il
y	PRON	y
avait	VERB	avoir
deux	NUM	deux
ou	CCONJ	ou
trois	NUM	trois
jeunes	ADJ	jeune
gens	NOUN	gens
qui	PRON	qui
étaient	AUX	être
reçus	VERB	recevoir
avec	ADP	avec
amitié	NOUN	amitié
,	PUNCT	,
sous	ADP	sous
prétexte	NOUN	prétexte
des	ADP	de
relations	NOUN	relation
de	ADP	de
famille	NOUN	famille
et	CCONJ	et
de	ADP	de
société	NOUN	société
:	PUNCT	:
un	DET	un
jour	NOUN	jour
je	PRON	je
me	PRON	me
rendis	VERB	rendre
de	ADP	de
très	ADV	très
-	ADV	-
bonne	ADJ	bon
heure	NOUN	heure
à	ADP	à
un	DET	un
rendez-vous	NOUN	rendez-vous
que	PRON	que
j'	PRON	je
avais	AUX	avoir
enfin	ADV	enfin
obtenu	VERB	obtenir
.	PUNCT	.
J'	PRON	je
arrive	VERB	arrive
avec	ADP	avec
l'	DET	le
émotion	NOUN	émotion
du	ADP	de
bonheur	NOUN	bonheur
et	CCONJ	et
l'	DET	le
empressement	NOUN	empressement
de	ADP	de
l'	DET	le
espérance	NOUN	espérance
:	PUNCT	:
je	PRON	je
trouve	VERB	trouve
un	PRON	un
de	ADP	de
ces	DET	ce
chers	ADJ	cher
parents	NOUN	parent
dans	ADP	dans
une	DET	un
situation	NOUN	situation
tout-à-fait	ADV	tout-à-fait
familière	ADJ	familier
;	PUNCT	;
je	PRON	je
voulus	VERB	vouloir
en	PRON	en
être	AUX	être
scandalisé	VERB	scandaliser
,	PUNCT	,
il	PRON	il
m'	PRON	me
en	PRON	en
revint	VERB	revenir
un	DET	un
bon	ADJ	bon
coup	NOUN	coup
d'	ADP	de
épée	NOUN	épée
dans	ADP	dans
la	DET	le
poitrine	NOUN	poitrine
qui	PRON	qui
dérangea	VERB	déranger
ma	DET	mon
santé	NOUN	santé
pendant	ADP	pendant
quelques	DET	quelque
mois	NOUN	mois
;	PUNCT	;
j'	PRON	je
eus	VERB	avoir
tout	ADJ	tout
le	DET	le
temps	NOUN	temps
de	ADP	de
faire	VERB	faire
des	DET	un
réflexions	NOUN	réflexion
.	PUNCT	.
Il	PRON	il
fut	AUX	être
convenu	VERB	convenir
entre	ADP	entre
mon	DET	mon
cœur	NOUN	cœur
et	CCONJ	et
moi	PRON	moi
,	PUNCT	,
que	SCONJ	que
nous	PRON	nous
renoncerions	VERB	renoncer
au	ADP	au
beau	ADJ	beau
sexe	NOUN	sexe
et	CCONJ	et
à	ADP	à
l'	DET	le
honneur	NOUN	honneur
de	ADP	de
lui	PRON	lui
plaire	VERB	plaire
.	PUNCT	.
Je	PRON	je
n'	ADV	n'
ai	AUX	avoir
jamais	ADV	jamais
pu	VERB	pouvoir
séparer	VERB	séparer
de	ADP	de
mon	DET	mon
sentiment	NOUN	sentiment
sur	ADP	sur
les	DET	le
femmes	NOUN	femme
un	DET	un
certain	ADJ	certain
moral	NOUN	moral
,	PUNCT	,
sans	ADP	sans
lequel	PRON	lequel
elles	PRON	lui
ne	ADV	ne
sont	VERB	être
rien	PRON	rien
pour	ADP	pour
moi	PRON	moi
.	PUNCT	.
Quand	SCONJ	quand
il	PRON	il
a	AUX	avoir
fallu	VERB	falloir
renoncer	VERB	renoncer
à	ADP	à
les	PRON	le
estimer	VERB	estimer
,	PUNCT	,
elles	PRON	lui
ne	ADV	ne
m'	PRON	me
ont	AUX	avoir
inspiré	VERB	inspirer
que	ADV	que
du	DET	de
dégoût	NOUN	dégoût
:	PUNCT	:
mes	DET	mon
camarades	NOUN	camarade
ne	ADV	ne
pensaient	VERB	penser
pas	ADV	pas
comme	ADP	comme
moi	PRON	moi
;	PUNCT	;
j'	PRON	je
aimais	VERB	aimer
mieux	ADV	mieux
souffrir	VERB	souffrir
leurs	DET	leur
plaisanteries	NOUN	plaisanterie
que	SCONJ	que
de	ADP	de
faire	VERB	faire
comme	ADP	comme
eux	PRON	lui
.	PUNCT	.
A	ADP	à
la	DET	le
ville	NOUN	ville
,	PUNCT	,
je	PRON	je
suis	AUX	être
infiniment	ADV	infiniment
respectueux	ADJ	respectueux
avec	ADP	avec
les	DET	le
femmes	NOUN	femme
,	PUNCT	,
et	CCONJ	et
j'	PRON	je
en	PRON	en
vois	VERB	voir
le	DET	le
moins	ADV	moins
qu'	SCONJ	que
il	PRON	il
m'	PRON	me
est	AUX	être
possible	ADJ	possible
;	PUNCT	;
elles	PRON	lui
n'	ADV	n'
ont	AUX	avoir
jamais	ADV	jamais
voulu	VERB	vouloir
avoir	VERB	avoir
avec	ADP	avec
moi	PRON	moi
,	PUNCT	,
ce	PRON	ce
qu'	PRON	qu'
il	PRON	il
fallait	VERB	falloir
pour	ADP	pour
me	PRON	me
faire	AUX	faire
supporter	VERB	supporter
leurs	DET	leur
erreurs	NOUN	erreur
,	PUNCT	,
leurs	DET	leur
faiblesses	NOUN	faiblesse
,	PUNCT	,
leur	DET	leur
légèreté	NOUN	légèreté
et	CCONJ	et
sur-tout	ADV	sur-tout
leur	DET	leur
empire	NOUN	empire
:	PUNCT	:
si	SCONJ	si
j'	PRON	je
étais	AUX	être
obligé	ADJ	obliger
de	ADP	de
vivre	VERB	vivre
avec	ADP	avec
une	DET	un
femme	NOUN	femme
,	PUNCT	,
il	PRON	il
n'	ADV	n'
y	PRON	y
aurait	VERB	avoir
entre	ADP	entre
nous	PRON	nous
ni	CCONJ	ni
empire	NOUN	empire
ni	CCONJ	ni
soumission	NOUN	soumission
,	PUNCT	,
et	CCONJ	et
je	PRON	je
serais	AUX	être
au	ADP	au
désespoir	NOUN	désespoir
d'	ADP	de
être	AUX	être
forcé	VERB	forcer
à	ADP	à
la	DET	le
pitié	NOUN	pitié
.	PUNCT	.
Ainsi	ADV	ainsi
,	PUNCT	,
mon	DET	mon
cher	ADJ	cher
ami	NOUN	ami
,	PUNCT	,
vous	PRON	vous
avez	AUX	avoir
peut-être	ADV	peut-être
deviné	VERB	deviner
le	DET	le
mot	NOUN	mot
de	ADP	de
l'	DET	le
énigme	NOUN	énigme
sur	ADP	sur
ce	PRON	ce
que	PRON	que
j'	PRON	je
ai	AUX	avoir
éprouvé	VERB	éprouver
depuis	ADP	depuis
que	SCONJ	que
je	PRON	je
vous	PRON	vous
ai	AUX	avoir
quitté	VERB	quitter
,	PUNCT	,
mais	CCONJ	mais
il	PRON	il
n'	ADV	n'
y	PRON	y
aura	VERB	avoir
rien	PRON	rien
de	ADP	de
changé	VERB	changer
;	PUNCT	;
il	PRON	il
est	AUX	être
possible	ADJ	possible
que	SCONJ	que
j'	PRON	je
envie	VERB	envier
votre	DET	votre
bonheur	NOUN	bonheur
,	PUNCT	,
mais	CCONJ	mais
je	PRON	je
ne	ADV	ne
le	PRON	le
chercherai	VERB	chercher
pas	ADV	pas
:	PUNCT	:
c'	PRON	ce
est	AUX	être
ce	PRON	ce
que	PRON	que
je	PRON	je
disais	VERB	dire
encore	ADV	encore
ce	DET	ce
matin	NOUN	matin
au	ADP	au
bon	ADJ	bon
Nicolas	PROPN	Nicolas
Grosmont	PROPN	Grosmont
,	PUNCT	,
mon	DET	mon
voisin	NOUN	voisin
.	PUNCT	.
Vous	PRON	vous
savez	VERB	savoir
que	SCONJ	que
c'	PRON	ce
est	AUX	être
ce	DET	ce
bon	ADJ	bon
vieux	ADJ	vieux
paysan	NOUN	paysan
qui	PRON	qui
a	AUX	avoir
servi	VERB	servir
long	ADV	long
-	ADV	-
temps	ADV	temps
dans	ADP	dans
la	DET	le
compagnie	NOUN	compagnie
de	ADP	de
mon	DET	mon
père	NOUN	père
,	PUNCT	,
et	CCONJ	et
qui	PRON	qui
a	AUX	avoir
fait	VERB	faire
avec	ADP	avec
lui	PRON	lui
toutes	ADJ	tout
les	DET	le
campagnes	NOUN	campagne
de	ADP	de
Flandres	PROPN	Flandres
.	PUNCT	.
A	ADP	à
ce	DET	ce
titre	NOUN	titre
,	PUNCT	,
il	PRON	il
a	VERB	avoir
le	DET	le
droit	NOUN	droit
de	ADP	de
me	PRON	me
parler	VERB	parler
avec	ADP	avec
franchise	NOUN	franchise
et	CCONJ	et
avec	ADP	avec
familiarité	NOUN	familiarité
;	PUNCT	;
il	PRON	il
a	VERB	avoir
l'	DET	le
esprit	NOUN	esprit
juste	ADJ	juste
et	CCONJ	et
le	DET	le
cœur	NOUN	cœur
excellent	ADJ	excellent
;	PUNCT	;
il	PRON	il
a	VERB	avoir
pour	ADP	pour
moi	PRON	moi
un	DET	un
intérêt	NOUN	intérêt
et	CCONJ	et
un	DET	un
attachement	NOUN	attachement
que	PRON	que
je	PRON	je
ne	ADV	ne
pourrais	VERB	pouvoir
attendre	VERB	attendre
de	ADP	de
personne	PRON	personne
.	PUNCT	.
Il	PRON	il
se	PRON	se
passe	VERB	passer
peu	ADV	peu
de	ADP	de
jours	NOUN	jour
qu'	SCONJ	que
il	PRON	il
ne	ADV	ne
me	PRON	me
dise	VERB	dire
en	ADP	en
me	PRON	me
serrant	VERB	serrer
et	CCONJ	et
en	ADP	en
me	PRON	me
secouant	VERB	secouer
la	DET	le
main	NOUN	main
,	PUNCT	,
que	SCONJ	que
c'	PRON	ce
est	AUX	être
bien	ADV	bien
dommage	ADJ	dommage
que	SCONJ	que
je	PRON	je
ne	ADV	ne
sois	AUX	être
pas	ADV	pas
un	DET	un
père	NOUN	père
de	ADP	de
famille	NOUN	famille
;	PUNCT	;
et	CCONJ	et
hier	ADV	hier
,	PUNCT	,
en	ADP	en
me	PRON	me
remerciant	VERB	remercier
de	ADP	de
quelques	DET	quelque
services	NOUN	service
que	PRON	que
je	PRON	je
lui	PRON	lui
ai	AUX	avoir
rendus	VERB	rendre
à	ADP	à
l'	DET	le
occasion	NOUN	occasion
de	ADP	de
ses	DET	son
enfants	NOUN	enfant
,	PUNCT	,
il	PRON	il
demandait	VERB	demander
:	PUNCT	:
qui	PRON	qui
est	AUX	être
-ce	PRON	-ce
qui	PRON	qui
après	ADP	après
moi	PRON	moi
protégerait	VERB	protéger
sa	DET	son
famille	NOUN	famille
?	PUNCT	?
Nous	PRON	nous
parlons	VERB	parler
quelquefois	ADV	quelquefois
politique	ADJ	politique
,	PUNCT	,
et	CCONJ	et
très	ADV	très
-	ADV	-
souvent	ADV	souvent
agriculture	NOUN	agriculture
;	PUNCT	;
par	ADP	par
-	ADV	-
tout	ADV	tout
j'	PRON	je
ai	VERB	avoir
des	DET	un
raisons	NOUN	raison
d'	ADP	de
admirer	VERB	admirer
son	DET	son
esprit	NOUN	esprit
juste	ADJ	juste
et	CCONJ	et
son	DET	son
sens	NOUN	sens
droit	ADJ	droit
;	PUNCT	;
il	PRON	il
n'	ADV	n'
a	AUX	avoir
point	ADV	point
oublié	VERB	oublier
les	DET	le
amitiés	NOUN	amitié
et	CCONJ	et
les	DET	le
caresses	NOUN	caresse
que	PRON	que
vous	PRON	vous
lui	PRON	lui
avez	AUX	avoir
faites	VERB	faire
:	PUNCT	:
il	PRON	il
se	PRON	se
loue	VERB	loue
encore	ADV	encore
de	ADP	de
votre	DET	votre
affabilité	NOUN	affabilité
.	PUNCT	.
Vous	PRON	vous
vous	PRON	vous
rappelez	VERB	rappeler
sûrement	ADV	sûrement
que	SCONJ	que
nous	PRON	nous
avons	AUX	avoir
été	VERB	être
quelquefois	ADV	quelquefois
chez	ADP	chez
lui	PRON	lui
,	PUNCT	,
et	CCONJ	et
que	SCONJ	que
nous	PRON	nous
avons	AUX	avoir
toujours	ADV	toujours
admiré	VERB	admirer
l'	DET	le
union	NOUN	union
qu'	PRON	qu'
il	PRON	il
y	PRON	y
a	VERB	avoir
dans	ADP	dans
sa	DET	son
famille	NOUN	famille
,	PUNCT	,
et	CCONJ	et
l'	DET	le
ordre	NOUN	ordre
qui	PRON	qui
règne	VERB	régner
dans	ADP	dans
sa	DET	son
maison	NOUN	maison
;	PUNCT	;
il	PRON	il
est	AUX	être
mon	DET	mon
conseil	NOUN	conseil
sur	ADP	sur
bien	ADV	bien
des	ADP	de
choses	NOUN	chose
,	PUNCT	,
et	CCONJ	et
je	PRON	je
l'	PRON	l'
aime	VERB	aime
comme	ADP	comme
s'	SCONJ	s'
il	PRON	il
était	AUX	être
mon	DET	mon
parent	NOUN	parent
:	PUNCT	:
il	PRON	il
est	AUX	être
pour	ADP	pour
moi	PRON	moi
un	DET	un
personnage	NOUN	personnage
intéressant	ADJ	intéressant
,	PUNCT	,
que	PRON	que
je	PRON	je
préfère	VERB	préférer
à	ADP	à
beaucoup	ADV	beaucoup
de	ADP	de
relations	NOUN	relation
de	ADP	de
la	DET	le
ville	NOUN	ville
.	PUNCT	.
C'	PRON	ce
est	AUX	être
avec	ADP	avec
lui	PRON	lui
que	SCONJ	que
je	PRON	je
raisonne	VERB	raisonne
souvent	ADV	souvent
sur	ADP	sur
les	DET	le
inconvéniens	NOUN	inconvénien
du	ADP	de
débit	NOUN	débit
des	ADP	de
denrées	NOUN	denrée
,	PUNCT	,
dont	PRON	dont
je	PRON	je
vous	PRON	vous
ai	AUX	avoir
parlé	VERB	parler
dans	ADP	dans
ma	DET	mon
dernière	ADJ	dernier
lettre	NOUN	lettre
;	PUNCT	;
je	PRON	je
suis	AUX	être
étonné	VERB	étonner
que	SCONJ	que
vous	PRON	vous
ayez	AUX	avoir
pu	VERB	pouvoir
y	PRON	y
répondre	VERB	répondre
si	ADV	si
-	ADV	-
tôt	ADV	tôt
et	CCONJ	et
avec	ADP	avec
autant	ADV	autant
de	ADP	de
détail	NOUN	détail
;	PUNCT	;
chez	ADP	chez
vous	PRON	vous
l'	DET	le
amour	NOUN	amour
ne	ADV	ne
fait	VERB	faire
donc	ADV	donc
point	ADV	point
tort	NOUN	tort
à	ADP	à
l'	DET	le
amitié	NOUN	amitié
.	PUNCT	.
Oh	INTJ	Oh
!	PUNCT	!
mon	DET	mon
ami	NOUN	ami
,	PUNCT	,
vous	PRON	vous
méritez	VERB	mériter
d'	ADP	de
être	AUX	être
heureux	ADJ	heureux
par	ADP	par
tous	ADJ	tout
les	DET	le
deux	PRON	deux
.	PUNCT	.
Vous	PRON	vous
avez	AUX	avoir
su	VERB	savoir
vous	PRON	vous
distraire	VERB	distraire
de	ADP	de
votre	DET	votre
bonheur	NOUN	bonheur
pour	ADP	pour
vous	PRON	vous
occuper	VERB	occuper
,	PUNCT	,
avec	ADP	avec
un	DET	un
ami	NOUN	ami
,	PUNCT	,
de	ADP	de
quelques	DET	quelque
idées	NOUN	idée
qui	PRON	qui
vous	PRON	vous
paraissent	VERB	paraître
essentielles	ADJ	essentiel
;	PUNCT	;
vous	PRON	vous
voulez	VERB	vouloir
même	ADV	même
les	PRON	le
approfondir	VERB	approfondir
,	PUNCT	,
et	CCONJ	et
vous	PRON	vous
pensez	VERB	penser
comme	ADP	comme
moi	PRON	moi
sur	ADP	sur
le	DET	le
fond	NOUN	fond
de	ADP	de
la	DET	le
chose	NOUN	chose
:	PUNCT	:
mais	CCONJ	mais
vous	PRON	vous
croyez	VERB	croire
qu'	SCONJ	que
il	PRON	il
n'	ADV	n'
y	PRON	y
a	VERB	avoir
point	NOUN	point
de	DET	de
remèdes	NOUN	remède
,	PUNCT	,
ou	CCONJ	ou
qu'	SCONJ	que
ils	PRON	il
seraient	AUX	être
pires	ADJ	pire
que	SCONJ	que
le	DET	le
mal	NOUN	mal
;	PUNCT	;
vous	PRON	vous
êtes	VERB	être
de	ADP	de
ces	DET	ce
gens	NOUN	gens
qui	PRON	qui
aiment	VERB	aimer
mieux	ADV	mieux
jouir	VERB	jouir
des	ADP	de
choses	NOUN	chose
avec	ADP	avec
leurs	DET	leur
abus	NOUN	abus
,	PUNCT	,
que	SCONJ	que
de	ADP	de
chercher	VERB	chercher
à	ADP	à
les	PRON	le
corriger	VERB	corriger
.	PUNCT	.
Je	PRON	je
suis	AUX	être
plus	ADV	plus
près	ADJ	près
que	SCONJ	que
vous	PRON	vous
des	ADP	de
inconvéniens	NOUN	inconvénien
;	PUNCT	;
j'	PRON	je
en	PRON	en
souffre	VERB	souffrir
plus	ADV	plus
que	SCONJ	que
vous	PRON	vous
:	PUNCT	:
je	PRON	je
vois	VERB	voir
beaucoup	ADV	beaucoup
de	ADP	de
mes	DET	mon
pauvres	ADJ	pauvre
camarades	NOUN	camarade
agriculteurs	NOUN	agriculteur
en	PRON	en
souffrir	VERB	souffrir
;	PUNCT	;
il	PRON	il
est	AUX	être
naturel	ADJ	naturel
que	SCONJ	que
j'	PRON	je
y	PRON	y
sois	AUX	être
sensible	ADJ	sensible
.	PUNCT	.
Je	PRON	je
voulais	VERB	vouloir
faire	VERB	faire
un	DET	un
mémoire	NOUN	mémoire
sur	ADP	sur
le	DET	le
commerce	NOUN	commerce
et	CCONJ	et
le	DET	le
débit	NOUN	débit
des	ADP	de
denrées	NOUN	denrée
,	PUNCT	,
et	CCONJ	et
sur	ADP	sur
les	DET	le
vrais	ADJ	vrai
moyens	NOUN	moyen
d'	ADP	de
encourager	VERB	encourager
l'	DET	le
agriculture	NOUN	agriculture
:	PUNCT	:
mais	CCONJ	mais
j'	PRON	je
ai	VERB	avoir
besoin	NOUN	besoin
d'	ADP	de
avoir	VERB	avoir
encore	ADV	encore
vos	DET	votre
idées	NOUN	idée
,	PUNCT	,
et	CCONJ	et
je	PRON	je
ne	ADV	ne
vous	PRON	vous
dirai	VERB	dire
ici	ADV	ici
que	ADV	que
les	DET	le
principales	ADJ	principal
des	ADP	de
miennes	NOUN	mienne
;	PUNCT	;
je	PRON	je
les	PRON	le
soumets	VERB	soumettre
à	ADP	à
vos	DET	votre
lumières	NOUN	lumière
,	PUNCT	,
et	CCONJ	et
votre	DET	votre
critique	NOUN	critique
m'	PRON	me
éclairera	VERB	éclairer
.	PUNCT	.
J'	PRON	je
ai	AUX	avoir
lu	VERB	lire
beaucoup	ADV	beaucoup
de	ADP	de
mémoires	NOUN	mémoire
et	CCONJ	et
de	ADP	de
livres	NOUN	livre
sur	ADP	sur
l'	DET	le
agriculture	NOUN	agriculture
,	PUNCT	,
sur	ADP	sur
les	DET	le
différentes	ADJ	différent
manières	NOUN	manière
de	ADP	de
labourer	VERB	labourer
les	DET	le
terres	NOUN	terre
,	PUNCT	,
sur	ADP	sur
les	DET	le
engrais	NOUN	engrais
,	PUNCT	,
sur	ADP	sur
les	DET	le
semailles	NOUN	semailles
,	PUNCT	,
sur	ADP	sur
leurs	DET	leur
préparations	NOUN	préparation
,	PUNCT	,
etc.	ADV	etc.
,	PUNCT	,
etc.	ADV	etc.
,	PUNCT	,
à	ADP	à
tous	ADJ	tout
ces	DET	ce
nouveaux	ADJ	nouveau
systèmes	NOUN	système
,	PUNCT	,
très	ADV	très
-	ADV	-
bons	ADJ	bon
peut-être	ADV	peut-être
,	PUNCT	,
je	PRON	je
répondrai	VERB	répondre
,	PUNCT	,
que	SCONJ	que
le	DET	le
paysan	NOUN	paysan
ne	ADV	ne
peut	VERB	pouvoir
point	ADV	point
faire	VERB	faire
d'	DET	d'
expériences	NOUN	expérience
;	PUNCT	;
qu'	SCONJ	que
augmenter	VERB	augmenter
les	DET	le
peines	NOUN	peine
et	CCONJ	et
les	DET	le
frais	NOUN	frais
de	ADP	de
culture	NOUN	culture
c'	PRON	ce
est	VERB	être
le	PRON	le
dégoûter	VERB	dégoûter
bien	ADV	bien
plus	ADV	plus
que	SCONJ	que
l'	PRON	l'
encourager	VERB	encourager
.	PUNCT	.
Je	PRON	je
dirai	VERB	dire
pour	ADP	pour
maxime	NOUN	maxime
plus	ADV	plus
sûre	ADJ	sûr
:	PUNCT	:
procurez	VERB	procurer
,	PUNCT	,
facilitez	VERB	faciliter
,	PUNCT	,
assurez	VERB	assurer
le	DET	le
débit	NOUN	débit
des	ADP	de
denrées	NOUN	denrée
,	PUNCT	,
et	CCONJ	et
vous	PRON	vous
ferez	VERB	faire
fleurir	VERB	fleurir
l'	DET	le
agriculture	NOUN	agriculture
;	PUNCT	;
commencez	VERB	commencer
par	ADP	par
faire	AUX	faire
trouver	VERB	trouver
un	DET	un
profit	NOUN	profit
aux	ADP	à
laboureurs	NOUN	laboureur
,	PUNCT	,
et	CCONJ	et
ils	PRON	il
laboureront	VERB	labourer
.	PUNCT	.
Le	DET	le
pauvre	ADJ	pauvre
paysan	NOUN	paysan
,	PUNCT	,
après	ADP	après
avoir	AUX	avoir
,	PUNCT	,
pendant	ADP	pendant
dix	NUM	dix
mois	NOUN	mois
,	PUNCT	,
employé	VERB	employer
ses	DET	son
peines	NOUN	peine
et	CCONJ	et
ses	DET	son
travaux	NOUN	travail
à	ADP	à
la	DET	le
culture	NOUN	culture
de	ADP	de
ses	DET	son
terres	NOUN	terre
,	PUNCT	,
ne	ADV	ne
jouit	VERB	jouir
encore	ADV	encore
de	ADP	de
rien	PRON	rien
;	PUNCT	;
avec	ADP	avec
des	DET	un
récoltes	NOUN	récolte
mêmes	ADV	mêmes
abondantes	ADJ	abondant
,	PUNCT	,
il	PRON	il
n'	ADV	n'
a	VERB	avoir
rien	PRON	rien
encore	ADV	encore
.	PUNCT	.
Ici	ADV	ici
commencent	VERB	commencer
des	DET	un
peines	NOUN	peine
d'	ADP	de
un	DET	un
autre	ADJ	autre
genre	NOUN	genre
:	PUNCT	:
il	PRON	il
faut	VERB	falloir
qu'	SCONJ	que
il	PRON	il
paye	VERB	payer
ses	DET	son
redevances	NOUN	redevance
;	PUNCT	;
qu'	SCONJ	que
il	PRON	il
pourvoie	VERB	pourvoir
aux	ADP	à
besoins	NOUN	besoin
de	ADP	de
sa	DET	son
famille	NOUN	famille
,	PUNCT	,
et	CCONJ	et
celui	PRON	celui
de	ADP	de
l'	DET	le
argent	NOUN	argent
devient	VERB	devenir
pressant	ADJ	pressant
:	PUNCT	:
il	PRON	il
ne	ADV	ne
peut	VERB	pouvoir
en	PRON	en
trouver	VERB	trouver
qu'	ADV	qu'
à	ADP	à
la	DET	le
ville	NOUN	ville
;	PUNCT	;
il	PRON	il
faut	VERB	falloir
qu'	SCONJ	que
il	PRON	il
y	PRON	y
porte	VERB	porte
ses	DET	son
bleds	NOUN	bled
et	CCONJ	et
ses	DET	son
denrées	NOUN	denrée
.	PUNCT	.
Le	DET	le
temps	NOUN	temps
que	PRON	que
lui	PRON	lui
laissent	VERB	laisser
pour	ADP	pour
cela	PRON	cela
les	DET	le
travaux	NOUN	travail
de	ADP	de
la	DET	le
campagne	NOUN	campagne
,	PUNCT	,
sont	AUX	être
les	DET	le
mois	NOUN	mois
d'	ADP	de
hyver	PROPN	hyver
,	PUNCT	,
ceux	PRON	celui
de	ADP	de
Décembre	NOUN	décembre
et	CCONJ	et
de	ADP	de
Janvier	NOUN	janvier
.	PUNCT	.
Dans	ADP	dans
cette	DET	ce
saison	NOUN	saison
les	DET	le
jours	NOUN	jour
sont	AUX	être
courts	ADJ	court
,	PUNCT	,
le	DET	le
temps	NOUN	temps
rigoureux	ADJ	rigoureux
,	PUNCT	,
les	DET	le
chemins	NOUN	chemin
mauvais	ADJ	mauvais
.	PUNCT	.
S'	SCONJ	s'
il	PRON	il
est	AUX	être
éloigné	ADJ	éloigné
,	PUNCT	,
il	PRON	il
faut	VERB	falloir
qu'	SCONJ	que
il	PRON	il
perde	VERB	perdre
plus	ADV	plus
d'	ADP	de
un	DET	un
jour	NOUN	jour
,	PUNCT	,
qu'	SCONJ	que
il	PRON	il
aille	VERB	aller
de	ADP	de
nuit	NOUN	nuit
;	PUNCT	;
et	CCONJ	et
ce	PRON	ce
n'	ADV	n'
est	AUX	être
qu'	ADV	qu'
avec	ADP	avec
le	DET	le
danger	NOUN	danger
de	ADP	de
perdre	VERB	perdre
son	DET	son
attelage	NOUN	attelage
,	PUNCT	,
sa	DET	son
santé	NOUN	santé
,	PUNCT	,
et	CCONJ	et
sa	DET	son
vie	NOUN	vie
même	ADV	même
qu'	PRON	qu'
il	PRON	il
parvient	VERB	parvenir
à	ADP	à
la	DET	le
ville	NOUN	ville
:	PUNCT	:
là	ADV	là
il	PRON	il
trouve	VERB	trouve
des	DET	un
obstacles	NOUN	obstacle
;	PUNCT	;
des	DET	un
réglement	NOUN	réglement
faits	VERB	faire
contre	ADP	contre
lui	PRON	lui
.	PUNCT	.
Dans	ADP	dans
quelques	DET	quelque
endroits	NOUN	endroit
il	PRON	il
est	AUX	être
obligé	VERB	obliger
de	ADP	de
passer	VERB	passer
par	ADP	par
de	ADP	de
certaines	DET	certain
routes	NOUN	route
;	PUNCT	;
il	PRON	il
faut	VERB	falloir
qu'	SCONJ	que
il	PRON	il
paye	VERB	payer
de	ADP	de
certains	DET	certain
droits	NOUN	droit
;	PUNCT	;
qu'	SCONJ	que
il	PRON	il
se	PRON	se
rende	VERB	rendre
à	ADP	à
une	DET	un
certaine	ADJ	certain
place	NOUN	place
;	PUNCT	;
il	PRON	il
ne	ADV	ne
peut	VERB	pouvoir
vendre	VERB	vendre
qu'	ADV	qu'
à	ADP	à
une	DET	un
certaine	ADJ	certain
heure	NOUN	heure
,	PUNCT	,
et	CCONJ	et
à	ADP	à
de	DET	de
certaines	DET	certain
personnes	NOUN	personne
.	PUNCT	.
Enfin	ADV	enfin
,	PUNCT	,
après	ADP	après
avoir	AUX	avoir
vaincu	VERB	vaincre
toutes	ADJ	tout
ces	DET	ce
difficultés	NOUN	difficulté
,	PUNCT	,
il	PRON	il
est	AUX	être
encore	ADV	encore
trompé	VERB	tromper
sur	ADP	sur
le	DET	le
prix	NOUN	prix
qu'	PRON	qu'
il	PRON	il
espérait	VERB	espérer
.	PUNCT	.
Souvent	ADV	souvent
il	PRON	il
ne	ADV	ne
peut	VERB	pouvoir
pas	ADV	pas
vendre	VERB	vendre
le	DET	le
jour	NOUN	jour
qu'	PRON	qu'
il	PRON	il
est	AUX	être
venu	VERB	venir
,	PUNCT	,
il	PRON	il
faut	VERB	falloir
renvoyer	VERB	renvoyer
à	ADP	à
un	DET	un
autre	ADJ	autre
marché	NOUN	marché
,	PUNCT	,
ou	CCONJ	ou
qu'	SCONJ	que
il	PRON	il
donne	VERB	donne
sa	DET	son
marchandise	NOUN	marchandise
à	ADP	à
vil	ADJ	vil
prix	NOUN	prix
à	ADP	à
des	DET	un
acheteurs	NOUN	acheteur
qui	PRON	qui
profitent	VERB	profiter
de	ADP	de
ses	DET	son
besoins	NOUN	besoin
.	PUNCT	.
S'	SCONJ	s'
il	PRON	il
a	AUX	avoir
été	AUX	être
assez	ADV	assez
heureux	ADJ	heureux
pour	ADP	pour
vendre	VERB	vendre
,	PUNCT	,
le	DET	le
temps	NOUN	temps
qu'	PRON	qu'
il	PRON	il
a	AUX	avoir
perdu	VERB	perdre
,	PUNCT	,
ce	PRON	ce
qu'	PRON	qu'
il	PRON	il
lui	PRON	lui
en	PRON	en
a	AUX	avoir
coûté	VERB	coûter
,	PUNCT	,
ce	PRON	ce
qu'	PRON	qu'
il	PRON	il
a	AUX	avoir
dépensé	VERB	dépenser
au	ADP	au
cabaret	NOUN	cabaret
,	PUNCT	,
diminue	VERB	diminue
la	DET	le
somme	NOUN	somme
sur	ADP	sur
laquelle	PRON	lequel
il	PRON	il
comptait	VERB	compter
.	PUNCT	.

	SPACE	

Il	PRON	il
s'	PRON	se
est	AUX	être
peut-être	ADV	peut-être
consolé	VERB	consoler
dans	ADP	dans
l'	DET	le
yvresse	PROPN	yvresse
;	PUNCT	;
mais	CCONJ	mais
il	PRON	il
retourne	VERB	retourne
chez	ADP	chez
lui	PRON	lui
plus	ADV	plus
pauvre	ADJ	pauvre
,	PUNCT	,
plus	ADV	plus
découragé	VERB	décourager
,	PUNCT	,
et	CCONJ	et
les	DET	le
travaux	NOUN	travail
de	ADP	de
l'	DET	le
année	NOUN	année
suivante	ADJ	suivant
s'	PRON	se
en	PRON	en
ressentent	VERB	ressentir
.	PUNCT	.
Bientôt	ADV	bientôt
il	PRON	il
est	AUX	être
obligé	VERB	obliger
d'	ADP	de
emprunter	VERB	emprunter
et	CCONJ	et
d'	ADP	de
engager	VERB	engager
son	DET	son
domaine	NOUN	domaine
.	PUNCT	.
Au	ADP	au
bout	NOUN	bout
de	ADP	de
quelque	DET	quelque
temps	NOUN	temps
,	PUNCT	,
ses	DET	son
biens	NOUN	bien
sont	AUX	être
mis	VERB	mettre
en	ADP	en
décret	NOUN	décret
,	PUNCT	,
et	CCONJ	et
la	DET	le
famille	NOUN	famille
malheureuse	ADJ	malheureux
est	AUX	être
dispersée	VERB	disperser
.	PUNCT	.
C'	PRON	ce
est	AUX	être
l'	DET	le
histoire	NOUN	histoire
d'	ADP	de
un	DET	un
grand	ADJ	grand
nombre	NOUN	nombre
de	ADP	de
familles	NOUN	famille
de	ADP	de
paysans	NOUN	paysan
de	ADP	de
ce	DET	ce
pays	NOUN	pays
.	PUNCT	.

	SPACE	

Leurs	DET	leur
biens	NOUN	bien
sont	AUX	être
presque	ADV	presque
tous	ADJ	tout
hypothéqués	VERB	hypothéquer
;	PUNCT	;
les	DET	le
cultivateurs	NOUN	cultivateur
ne	ADV	ne
sont	AUX	être
plus	ADV	plus
que	ADV	que
les	DET	le
esclaves	NOUN	esclave
des	ADP	de
créanciers	NOUN	créancier
qu'	PRON	qu'
il	PRON	il
faut	VERB	falloir
payer	VERB	payer
réguliérement	ADV	réguliérement
,	PUNCT	,
et	CCONJ	et
sans	ADP	sans
aucun	DET	aucun
égard	NOUN	égard
aux	ADP	à
cas	NOUN	cas
d'	ADP	de
ovailles	NOUN	ovaille
;	PUNCT	;
ils	PRON	il
sont	AUX	être
moins	ADV	moins
heureux	ADJ	heureux
que	SCONJ	que
s'	SCONJ	s'
ils	PRON	il
étaient	AUX	être
attachés	VERB	attacher
à	ADP	à
la	DET	le
glèbe	NOUN	glèbe
.	PUNCT	.
On	PRON	on
en	PRON	en
impute	VERB	impute
légèrement	ADV	légèrement
la	DET	le
cause	NOUN	cause
à	ADP	à
l'	DET	le
ivrognerie	NOUN	ivrognerie
,	PUNCT	,
à	ADP	à
la	DET	le
bêtise	NOUN	bêtise
,	PUNCT	,
à	ADP	à
la	DET	le
paresse	NOUN	paresse
,	PUNCT	,
comme	ADP	comme
s'	SCONJ	s'
il	PRON	il
était	AUX	être
dans	ADP	dans
la	DET	le
nature	NOUN	nature
humaine	ADJ	humain
,	PUNCT	,
que	SCONJ	que
le	DET	le
pauvre	ADJ	pauvre
paysan	NOUN	paysan
fût	AUX	être
sobre	ADJ	sobre
et	CCONJ	et
vertueux	ADJ	vertueux
,	PUNCT	,
lorsque	SCONJ	lorsque
tout	PRON	tout
l'	PRON	l'
invite	VERB	invite
au	ADP	au
vice	NOUN	vice
.	PUNCT	.
La	DET	le
faute	NOUN	faute
en	PRON	en
est	VERB	être
certainement	ADV	certainement
aux	ADP	à
villes	NOUN	ville
,	PUNCT	,
qui	PRON	qui
en	PRON	en
agissent	VERB	agir
tyranniquement	ADV	tyranniquement
avec	ADP	avec
les	DET	le
gens	NOUN	gens
de	ADP	de
la	DET	le
campagne	NOUN	campagne
.	PUNCT	.
A	ADP	à
voir	VERB	voir
les	DET	le
mauvais	ADJ	mauvais
chemins	NOUN	chemin
qui	PRON	qui
y	PRON	y
conduisent	VERB	conduire
,	PUNCT	,
le	DET	le
peu	NOUN	peu
d'	ADP	de
encouragement	NOUN	encouragement
et	CCONJ	et
de	ADP	de
protection	NOUN	protection
que	PRON	que
l'	PRON	l'
on	PRON	on
accorde	VERB	accorde
à	ADP	à
ceu	PRON	ceu