CHAPITRE	NOUN	chapitre
PREMIER	ADJ	premier
PREMIERS	ADJ	premier
SIGNES	NOUN	signe
Je	PRON	je
suis	AUX	être
toute	ADV	toute
petite	ADJ	petit
.	PUNCT	.
On	PRON	on
m'	PRON	me
a	AUX	avoir
dit	VERB	dire
que	SCONJ	que
j'	PRON	je
avais	VERB	avoir
deux	NUM	deux
ans	NOUN	an
et	CCONJ	et
demi	NOUN	demi
.	PUNCT	.
Je	PRON	je
sais	VERB	savoir
que	SCONJ	que
je	PRON	je
me	PRON	me
nomme	VERB	nomme
Charlotte	PROPN	Charlotte
Villeroy	PROPN	Villeroy
,	PUNCT	,
mais	CCONJ	mais
on	PRON	on
m'	PRON	me
appelle	VERB	appeler
Toutoune	PROPN	Toutoune
,	PUNCT	,
mot	NOUN	mot
qui	PRON	qui
vient	VERB	venir
de	ADP	de
toutou	NOUN	toutou
,	PUNCT	,
parce	SCONJ	parce
que	SCONJ	que
j'	PRON	je
ai	VERB	avoir
le	DET	le
museau	NOUN	museau
d'	ADP	de
un	DET	un
enfant	NOUN	enfant
de	ADP	de
chien	NOUN	chien
-	NOUN	-
loup	NOUN	loup
.	PUNCT	.
Comme	SCONJ	comme
je	PRON	je
joue	VERB	joue
depuis	ADP	depuis
ce	DET	ce
matin	NOUN	matin
,	PUNCT	,
et	CCONJ	et
pour	ADP	pour
la	DET	le
première	ADJ	premier
fois	NOUN	fois
,	PUNCT	,
avec	ADP	avec
les	DET	le
petits	ADJ	petit
qui	PRON	qui
habitent	VERB	habiter
l'	DET	le
appartement	NOUN	appartement
au-dessus	ADV	au-dessus
du	ADP	de
nôtre	NOUN	nôtre
,	PUNCT	,
et	CCONJ	et
que	SCONJ	que
ce	PRON	ce
sont	AUX	être
deux	NUM	deux
garçons	NOUN	garçon
pas	ADV	pas
plus	ADV	plus
hauts	ADJ	haut
que	SCONJ	que
moi	PRON	moi
,	PUNCT	,
en	ADP	en
robe	NOUN	robe
comme	ADP	comme
moi	PRON	moi
,	PUNCT	,
ils	PRON	il
m'	PRON	me
ont	AUX	avoir
demandé	VERB	demander
,	PUNCT	,
voyant	VERB	voir
mes	DET	mon
cheveux	NOUN	cheveu
coupés	VERB	couper
et	CCONJ	et
mes	DET	mon
mouvements	NOUN	mouvement
brusques	ADJ	brusque
,	PUNCT	,
si	SCONJ	si
j'	PRON	je
étais	AUX	être
un	DET	un
garçon	NOUN	garçon
ou	CCONJ	ou
une	DET	un
fille	NOUN	fille
.	PUNCT	.
J'	PRON	je
ai	AUX	avoir
répondu	VERB	répondre
:	PUNCT	:
«	PUNCT	«
Sais	VERB	savoir
pas	ADV	pas
.	PUNCT	.
»	PUNCT	»
Ils	PRON	il
ont	AUX	avoir
dit	VERB	dire
:	PUNCT	:
«	PUNCT	«
Va	VERB	aller
demander	VERB	demander
à	ADP	à
ton	DET	ton
père	NOUN	père
.	PUNCT	.
»	PUNCT	»
Et	CCONJ	et
je	PRON	je
suis	AUX	être
descendue	VERB	descendre
toute	ADV	toute
seule	ADJ	seul
dans	ADP	dans
les	DET	le
escaliers	NOUN	escalier
,	PUNCT	,
pour	ADP	pour
poser	VERB	poser
la	DET	le
question	NOUN	question
.	PUNCT	.
Arrivée	VERB	arriver
à	ADP	à
notre	DET	notre
porte	NOUN	porte
,	PUNCT	,
j'	PRON	je
ai	AUX	avoir
cogné	VERB	cogner
,	PUNCT	,
appelé	VERB	appeler
,	PUNCT	,
car	CCONJ	car
la	DET	le
sonnette	NOUN	sonnette
est	AUX	être
trop	ADV	trop
haute	ADJ	haut
.	PUNCT	.
Ma	DET	mon
bonne	NOUN	bonne
est	AUX	être
venue	VERB	venir
m'	PRON	me
ouvrir	VERB	ouvrir
,	PUNCT	,
tout	ADV	tout
effrayée	VERB	effrayer
.	PUNCT	.
Mais	CCONJ	mais
je	PRON	je
ne	ADV	ne
me	PRON	me
suis	AUX	être
pas	ADV	pas
arrêtée	VERB	arrêter
.	PUNCT	.
J'	PRON	je
ai	AUX	avoir
couru	VERB	courir
,	PUNCT	,
essoufflée	VERB	essouffler
,	PUNCT	,
jusqu'	ADP	jusque
au	ADP	au
salon	NOUN	salon
.	PUNCT	.
Maman	NOUN	maman
était	VERB	être
au	ADP	au
piano	NOUN	piano
,	PUNCT	,
et	CCONJ	et
papa	PROPN	papa
assis	VERB	asseoir
tout	ADV	tout
près	ADV	près
d'	ADP	de
elle	PRON	lui
.	PUNCT	.
J'	PRON	je
ai	AUX	avoir
crié	VERB	crier
,	PUNCT	,
dans	ADP	dans
mon	DET	mon
langage	NOUN	langage
d'	ADP	de
alors	ADV	alors
:	PUNCT	:
—	PUNCT	—
T'	PRON	te
est	AUX	être
-ce	PRON	-ce
-t	PRON	-t
-il	PRON	il
est	VERB	être
,	PUNCT	,
Toutoune	PROPN	Toutoune
,	PUNCT	,
papa	NOUN	papa
?	PUNCT	?
Une	DET	un
fille	NOUN	fille
ou	CCONJ	ou
un	DET	un
narçon	NOUN	narçon
?	PUNCT	?
Les	DET	le
petits	ADJ	petit
l'	DET	le
amis	NOUN	ami
savent	VERB	savoir
pas	ADV	pas
,	PUNCT	,
et	CCONJ	et
moi	PRON	moi
sais	VERB	savoir
pas	ADV	pas
.	PUNCT	.
Papa	NOUN	papa
et	CCONJ	et
maman	NOUN	maman
ont	AUX	avoir
beaucoup	ADV	beaucoup
ri	VERB	rire
.	PUNCT	.
Papa	NOUN	papa
m'	PRON	me
a	AUX	avoir
prise	VERB	prendre
dans	ADP	dans
ses	DET	son
jambes	NOUN	jambe
.	PUNCT	.
Il	PRON	il
me	PRON	me
regardait	VERB	regarder
de	ADP	de
tout	ADV	tout
près	ADV	près
,	PUNCT	,
d'	ADP	de
un	DET	un
air	NOUN	air
si	ADV	si
sérieux	ADJ	sérieux
que	SCONJ	que
j'	PRON	je
avais	VERB	avoir
peur	NOUN	peur
.	PUNCT	.
J'	PRON	je
ai	VERB	avoir
encore	ADV	encore
peur	NOUN	peur
de	ADP	de
papa	NOUN	papa
maintenant	ADV	maintenant
.	PUNCT	.
Il	PRON	il
se	PRON	se
moque	VERB	moque
de	ADP	de
moi	PRON	moi
et	CCONJ	et
me	PRON	me
taquine	VERB	taquine
.	PUNCT	.
Il	PRON	il
m'	PRON	me
a	AUX	avoir
dit	VERB	dire
:	PUNCT	:
—	PUNCT	—
Tu	PRON	tu
diras	VERB	dire
à	ADP	à
tes	DET	ton
petits	ADJ	petit
l'	DET	le
amis	NOUN	ami
que	SCONJ	que
tu	PRON	tu
es	AUX	être
un	DET	un
garçon	NOUN	garçon
encore	ADV	encore
pour	ADP	pour
trois	NUM	trois
ans	NOUN	an
,	PUNCT	,
et	CCONJ	et
que	SCONJ	que
,	PUNCT	,
dans	ADP	dans
trois	NUM	trois
ans	NOUN	an
,	PUNCT	,
tu	PRON	tu
seras	VERB	être
une	DET	un
fille	NOUN	fille
.	PUNCT	.
J'	PRON	je
étais	VERB	être
déjà	ADV	déjà
dans	ADP	dans
l'	DET	le
escalier	NOUN	escalier
.	PUNCT	.
Je	PRON	je
suis	AUX	être
remontée	VERB	remonter
très	ADV	très
vite	ADV	vite
;	PUNCT	;
et	CCONJ	et
,	PUNCT	,
hors	ADP	hors
d'	ADP	de
haleine	NOUN	haleine
,	PUNCT	,
j'	PRON	je
ai	AUX	avoir
répété	VERB	répéter
la	DET	le
chose	NOUN	chose
aux	ADP	à
garçons	NOUN	garçon
.	PUNCT	.
Ils	PRON	il
ont	AUX	avoir
répondu	VERB	répondre
:	PUNCT	:
«	PUNCT	«
Bien	ADV	bien
.	PUNCT	.
Ça	PRON	cela
fait	VERB	faire
rien	PRON	rien
.	PUNCT	.
On	PRON	on
jouera	VERB	jouer
tout	ADV	tout
de	ADP	de
même	ADV	même
avec	ADP	avec
toi	PRON	toi
.	PUNCT	.
»	PUNCT	»
Voilà	VERB	voilà
le	DET	le
premier	ADJ	premier
fait	NOUN	fait
qui	PRON	qui
m'	PRON	me
ait	AUX	avoir
frappée	VERB	frapper
et	CCONJ	et
qui	PRON	qui
soit	AUX	être
resté	VERB	rester
net	ADJ	net
dans	ADP	dans
mon	DET	mon
esprit	NOUN	esprit
.	PUNCT	.
Le	DET	le
reste	NOUN	reste
,	PUNCT	,
en	ADP	en
ce	PRON	ce
qui	PRON	qui
concerne	VERB	concerne
cette	DET	ce
toute	ADV	toute
première	ADJ	premier
période	NOUN	période
de	ADP	de
ma	DET	mon
vie	NOUN	vie
,	PUNCT	,
se	PRON	se
confond	VERB	confondre
dans	ADP	dans
des	DET	un
nuées	NOUN	nuée
plus	ADV	plus
ou	CCONJ	ou
moins	ADV	moins
épaisses	ADJ	épais
.	PUNCT	.
Mais	CCONJ	mais
dès	ADP	dès
le	DET	le
berceau	NOUN	berceau
,	PUNCT	,
je	PRON	je
crois	VERB	croire
,	PUNCT	,
j'	PRON	je
ai	AUX	avoir
senti	VERB	sentir
et	CCONJ	et
j'	PRON	je
ai	AUX	avoir
aimé	VERB	aimer
le	DET	le
parfum	NOUN	parfum
que	PRON	que
porte	VERB	porte
maman	NOUN	maman
,	PUNCT	,
j'	PRON	je
ai	AUX	avoir
discerné	VERB	discerner
,	PUNCT	,
de	ADP	de
plus	ADV	plus
près	ADV	près
,	PUNCT	,
l'	DET	le
odeur	NOUN	odeur
différente	ADJ	différent
de	ADP	de
sa	DET	son
joue	NOUN	joue
poudrée	ADJ	poudrer
,	PUNCT	,
j'	PRON	je
ai	AUX	avoir
compris	VERB	comprendre
la	DET	le
douceur	NOUN	douceur
des	ADP	de
étoffes	NOUN	étoffe
de	ADP	de
ses	DET	son
corsages	NOUN	corsage
,	PUNCT	,
et	CCONJ	et
,	PUNCT	,
surtout	ADV	surtout
,	PUNCT	,
j'	PRON	je
ai	AUX	avoir
vu	VERB	voir
,	PUNCT	,
comme	ADP	comme
un	DET	un
trésor	NOUN	trésor
qui	PRON	qui
brille	VERB	brille
dans	ADP	dans
des	DET	un
ombres	NOUN	ombre
,	PUNCT	,
la	DET	le
couleur	NOUN	couleur
de	ADP	de
ses	DET	son
yeux	NOUN	oeil
laiteux	ADJ	laiteux
,	PUNCT	,
et	CCONJ	et
ses	DET	son
cils	NOUN	cil
brillants	ADJ	brillant
qu'	PRON	qu'
on	PRON	on
dirait	VERB	dire
toujours	ADV	toujours
mouillés	VERB	mouiller
et	CCONJ	et
collés	VERB	coller
par	ADP	par
des	DET	un
larmes	NOUN	larme
.	PUNCT	.
De	ADP	de
cet	DET	ce
appartement	NOUN	appartement
de	ADP	de
Paris	PROPN	Paris
où	PRON	où
j'	PRON	je
avais	VERB	avoir
alors	ADV	alors
le	DET	le
bonheur	NOUN	bonheur
de	ADP	de
vivre	VERB	vivre
avec	ADP	avec
mes	DET	mon
parents	NOUN	parent
et	CCONJ	et
où	PRON	où
j'	PRON	je
ai	AUX	avoir
dû	VERB	devoir
rester	VERB	rester
jusqu'	ADP	jusque
à	ADP	à
environ	ADV	environ
quatre	NUM	quatre
ans	NOUN	an
,	PUNCT	,
il	PRON	il
ne	ADV	ne
m'	PRON	me
est	AUX	être
rien	PRON	rien
resté	VERB	rester
.	PUNCT	.
Seul	ADJ	seul
,	PUNCT	,
le	DET	le
voyage	NOUN	voyage
qui	PRON	qui
nous	PRON	nous
ramena	VERB	ramener
ici	ADV	ici
,	PUNCT	,
au	ADP	au
manoir	NOUN	manoir
,	PUNCT	,
m'	PRON	me
a	AUX	avoir
laissé	VERB	laisser
dans	ADP	dans
la	DET	le
mémoire	NOUN	mémoire
quelque	DET	quelque
chose	NOUN	chose
de	ADP	de
saisissable	ADJ	saisissable
.	PUNCT	.
C'	PRON	ce
est	AUX	être
si	ADV	si
vague	ADJ	vague
que	SCONJ	que
j'	PRON	je
ose	VERB	ose
à	ADP	à
peine	ADV	peine
essayer	VERB	essayer
d'	ADP	de
en	PRON	en
parler	VERB	parler
.	PUNCT	.
Et	CCONJ	et
pourtant	ADV	pourtant
c'	PRON	ce
est	AUX	être
un	DET	un
charme	NOUN	charme
.	PUNCT	.
Cela	PRON	cela
se	PRON	se
compose	VERB	compose
de	ADP	de
bousculades	NOUN	bousculade
et	CCONJ	et
de	ADP	de
bercements	NOUN	bercement
,	PUNCT	,
d'	ADP	de
étonnements	NOUN	étonnement
et	CCONJ	et
d'	ADP	de
épouvantes	NOUN	épouvante
,	PUNCT	,
de	ADP	de
lassitude	NOUN	lassitude
longue	ADJ	long
et	CCONJ	et
de	ADP	de
distractions	NOUN	distraction
fantastiques	ADJ	fantastique
.	PUNCT	.
À	ADP	à
un	DET	un
moment	NOUN	moment
,	PUNCT	,
cela	PRON	cela
je	PRON	je
ne	ADV	ne
peux	VERB	pouvoir
l'	PRON	l'
oublier	VERB	oublier
,	PUNCT	,
---	PUNCT	---
j'	PRON	je
étais	VERB	être
sur	ADP	sur
les	DET	le
genoux	NOUN	genou
de	ADP	de
maman	PROPN	maman
.	PUNCT	.
Mon	DET	mon
cœur	NOUN	cœur
était	AUX	être
serré	VERB	serrer
comme	ADP	comme
par	ADP	par
une	DET	un
tristesse	NOUN	tristesse
immense	ADJ	immense
,	PUNCT	,
et	CCONJ	et
pourtant	ADV	pourtant
,	PUNCT	,
c'	PRON	ce
était	AUX	être
de	ADP	de
la	DET	le
joie	NOUN	joie
.	PUNCT	.
Comme	SCONJ	comme
j'	PRON	je
étais	AUX	être
heureuse	ADJ	heureux
!	PUNCT	!
Ce	PRON	ce
n'	ADV	n'
était	AUX	être
pas	ADV	pas
la	DET	le
première	ADJ	premier
fois	NOUN	fois
que	PRON	que
maman	NOUN	maman
me	PRON	me
prenait	VERB	prendre
sur	ADP	sur
ses	DET	son
genoux	NOUN	genou
,	PUNCT	,
bien	ADV	bien
sûr	ADJ	sûr
.	PUNCT	.
Et	CCONJ	et
pourtant	ADV	pourtant
,	PUNCT	,
dans	ADP	dans
mon	DET	mon
souvenir	NOUN	souvenir
,	PUNCT	,
c'	PRON	ce
est	AUX	être
la	DET	le
première	ADJ	premier
et	CCONJ	et
l'	DET	le
unique	ADJ	unique
fois	NOUN	fois
.	PUNCT	.
Son	DET	son
corsage	NOUN	corsage
,	PUNCT	,
où	PRON	où
je	PRON	je
cachais	VERB	cacher
ma	DET	mon
tête	NOUN	tête
,	PUNCT	,
était	AUX	être
peut-être	ADV	peut-être
en	ADP	en
satin	NOUN	satin
.	PUNCT	.
C'	PRON	ce
était	AUX	être
lisse	ADJ	lisse
.	PUNCT	.
C'	PRON	ce
était	AUX	être
chaud	ADJ	chaud
comme	ADP	comme
un	DET	un
édredon	NOUN	édredon
.	PUNCT	.
C'	PRON	ce
était	AUX	être
parfumé	VERB	parfumer
comme	ADP	comme
un	DET	un
sachet	NOUN	sachet
.	PUNCT	.
Maman	PROPN	Maman
disait	VERB	dire
:	PUNCT	:
—	PUNCT	—
Elle	PRON	lui
dort	VERB	dormir
...	PUNCT	...
Je	PRON	je
ne	ADV	ne
dormais	VERB	dormir
pas	ADV	pas
.	PUNCT	.
J'	PRON	je
avais	VERB	avoir
les	DET	le
yeux	NOUN	oeil
fermés	ADJ	fermé
pour	ADP	pour
être	AUX	être
plus	ADV	plus
heureuse	ADJ	heureux
.	PUNCT	.
Car	CCONJ	car
d'	ADP	de
habitude	ADV	habitude
,	PUNCT	,
maman	NOUN	maman
ne	ADV	ne
s'	PRON	se
occupait	VERB	occuper
jamais	ADV	jamais
de	ADP	de
moi	PRON	moi
.	PUNCT	.
Elle	PRON	lui
était	AUX	être
toujours	ADV	toujours
sortie	VERB	sortir
avec	ADP	avec
papa	NOUN	papa
,	PUNCT	,
et	CCONJ	et
moi	PRON	moi
toute	ADV	toute
seule	ADJ	seul
avec	ADP	avec
la	DET	le
bonne	ADJ	bon
,	PUNCT	,
ou	CCONJ	ou
là	ADV	là
-	PROPN	-
haut	ADV	haut
,	PUNCT	,
chez	ADP	chez
les	DET	le
petits	ADJ	petit
amis	NOUN	ami
.	PUNCT	.
C'	PRON	ce
était	AUX	être
la	DET	le
bonne	NOUN	bonne
qui	PRON	qui
m'	PRON	me
habillait	VERB	habiller
le	DET	le
matin	NOUN	matin
et	CCONJ	et
me	PRON	me
couchait	VERB	coucher
le	DET	le
soir	NOUN	soir
.	PUNCT	.
Je	PRON	je
ne	ADV	ne
voyais	VERB	voir
maman	NOUN	maman
que	ADV	que
par	ADP	par
apparitions	NOUN	apparition
.	PUNCT	.
Quelquefois	ADV	quelquefois
c'	PRON	ce
était	AUX	être
dans	ADP	dans
le	DET	le
jour	NOUN	jour
.	PUNCT	.
Elle	PRON	lui
avait	VERB	avoir
toujours	ADV	toujours
un	DET	un
chapeau	NOUN	chapeau
sombre	ADJ	sombre
et	CCONJ	et
une	DET	un
longue	ADJ	long
voilette	NOUN	voilette
noire	ADJ	noir
,	PUNCT	,
derrière	ADP	derrière
laquelle	PRON	lequel
étaient	AUX	être
ses	DET	son
yeux	NOUN	oeil
extraordinaires	ADJ	extraordinaire
.	PUNCT	.
Quelquefois	ADV	quelquefois
,	PUNCT	,
c'	PRON	ce
était	AUX	être
la	DET	le
nuit	NOUN	nuit
.	PUNCT	.
Elle	PRON	lui
devait	VERB	devoir
rentrer	VERB	rentrer
du	ADP	de
bal	NOUN	bal
.	PUNCT	.
Je	PRON	je
me	PRON	me
réveillais	VERB	réveiller
,	PUNCT	,
et	CCONJ	et
je	PRON	je
la	PRON	le
voyais	VERB	voir
penchée	VERB	pencher
sur	ADP	sur
moi	PRON	moi
,	PUNCT	,
brillante	ADJ	brillant
comme	ADP	comme
une	DET	un
fée	NOUN	fée
.	PUNCT	.
Mais	CCONJ	mais
toujours	ADV	toujours
à	ADP	à
côté	NOUN	côté
d'	ADP	de
elle	PRON	lui
il	PRON	il
y	PRON	y
avait	VERB	avoir
mon	DET	mon
père	NOUN	père
,	PUNCT	,
silhouette	NOUN	silhouette
sombre	ADJ	sombre
dont	PRON	dont
la	DET	le
présence	NOUN	présence
me	PRON	me
gênait	VERB	gêner
.	PUNCT	.
Puis	CCONJ	puis
ils	PRON	il
disparaissaient	VERB	disparaître
tous	ADJ	tout
deux	PRON	deux
,	PUNCT	,
et	CCONJ	et
j'	PRON	je
étais	AUX	être
longue	ADJ	long
à	ADP	à
me	PRON	me
remettre	VERB	remettre
.	PUNCT	.
Dans	ADP	dans
ce	DET	ce
voyage	NOUN	voyage
pour	ADP	pour
venir	VERB	venir
au	ADP	au
manoir	NOUN	manoir
,	PUNCT	,
il	PRON	il
y	PRON	y
a	VERB	avoir
encore	ADV	encore
une	DET	un
sensation	NOUN	sensation
qui	PRON	qui
m'	PRON	me
est	AUX	être
restée	VERB	rester
:	PUNCT	:
être	AUX	être
assise	VERB	asseoir
au	ADP	au
buffet	NOUN	buffet
,	PUNCT	,
---	PUNCT	---
je	PRON	je
me	PRON	me
souviens	VERB	souvenir
---	PUNCT	---
de	ADP	de
Serquigny	PROPN	Serquigny
.	PUNCT	.
C'	PRON	ce
était	AUX	être
sur	ADP	sur
une	DET	un
chaise	NOUN	chaise
bien	ADV	bien
trop	ADV	trop
haute	ADJ	haut
pour	ADP	pour
moi	PRON	moi
.	PUNCT	.
On	PRON	on
avait	AUX	avoir
entassé	VERB	entasser
des	DET	un
coussins	NOUN	coussin
.	PUNCT	.
Nous	PRON	nous
déjeunions	VERB	déjeuner
tous	ADJ	tout
les	DET	le
trois	PRON	trois
.	PUNCT	.
Tout	ADV	tout
près	ADV	près
de	ADP	de
ma	DET	mon
petite	ADJ	petit
figure	NOUN	figure
il	PRON	il
y	PRON	y
avait	VERB	avoir
un	DET	un
huilier	NOUN	huilier
de	ADP	de
cristal	NOUN	cristal
.	PUNCT	.
Cela	PRON	cela
brillait	VERB	briller
et	CCONJ	et
me	PRON	me
fascinait	VERB	fasciner
.	PUNCT	.
J'	PRON	je
étais	AUX	être
petite	ADJ	petit
,	PUNCT	,
petite	ADJ	petit
,	PUNCT	,
et	CCONJ	et
plongée	VERB	plonger
dans	ADP	dans
l'	DET	le
ignorance	NOUN	ignorance
de	ADP	de
tout	PRON	tout
,	PUNCT	,
dans	ADP	dans
l'	DET	le
inconnu	NOUN	inconnu
,	PUNCT	,
dans	ADP	dans
une	DET	un
terreur	NOUN	terreur
sourde	ADJ	sourd
et	CCONJ	et
constante	ADJ	constant
,	PUNCT	,
assez	ADV	assez
délicieuse	ADJ	délicieux
.	PUNCT	.
Tout	ADJ	tout
s'	PRON	se
efface	VERB	effacer
là	ADV	là
.	PUNCT	.
Un	DET	un
an	NOUN	an
,	PUNCT	,
quand	SCONJ	quand
on	PRON	on
est	VERB	être
en	ADP	en
bas	ADJ	bas
âge	NOUN	âge
,	PUNCT	,
passe	VERB	passer
comme	ADP	comme
une	DET	un
éternité	NOUN	éternité
.	PUNCT	.
Je	PRON	je
me	PRON	me
revois	VERB	revoir
très	ADV	très
longtemps	ADV	longtemps
après	ADP	après
,	PUNCT	,
ici	ADV	ici
,	PUNCT	,
au	ADP	au
manoir	NOUN	manoir
d'	ADP	de
où	PRON	où
je	PRON	je
ne	ADV	ne
suis	AUX	être
pas	ADV	pas
sortie	VERB	sortir
depuis	ADP	depuis
.	PUNCT	.
À	ADP	à
cette	DET	ce
époque	NOUN	époque
,	PUNCT	,
tout	PRON	tout
y	PRON	y
est	VERB	être
bien	ADV	bien
trop	ADV	trop
grand	ADJ	grand
pour	ADP	pour
moi	PRON	moi
.	PUNCT	.
Mais	CCONJ	mais
il	PRON	il
y	PRON	y
a	VERB	avoir
maman	NOUN	maman
dans	ADP	dans
la	DET	le
maison	NOUN	maison
et	CCONJ	et
dans	ADP	dans
le	DET	le
parc	NOUN	parc
,	PUNCT	,
et	CCONJ	et
je	PRON	je
la	PRON	le
vois	VERB	voir
beaucoup	ADV	beaucoup
plus	ADV	plus
souvent	ADV	souvent
qu'	SCONJ	que
à	ADP	à
Paris	PROPN	Paris
.	PUNCT	.
Je	PRON	je
n'	ADV	n'
ai	VERB	avoir
plus	ADV	plus
ma	DET	mon
bonne	NOUN	bonne
,	PUNCT	,
mais	CCONJ	mais
on	PRON	on
m'	PRON	me
a	AUX	avoir
donnée	VERB	donner
à	ADP	à
la	DET	le
mère	NOUN	mère
Lacoste	PROPN	Lacoste
,	PUNCT	,
qui	PRON	qui
était	AUX	être
jadis	ADV	jadis
la	DET	le
nourrice	NOUN	nourrice
de	ADP	de
maman	NOUN	maman
,	PUNCT	,
la	DET	le
même	ADJ	même
mère	NOUN	mère
Lacoste	PROPN	Lacoste
qui	PRON	qui
dort	VERB	dormir
dans	ADP	dans
la	DET	le
chambre	NOUN	chambre
à	ADP	à
côté	NOUN	côté
,	PUNCT	,
ce	DET	ce
soir	NOUN	soir
.	PUNCT	.
...	PUNCT	...
Et	CCONJ	et
puis	CCONJ	puis
,	PUNCT	,
il	PRON	il
y	PRON	y
a	VERB	avoir
le	DET	le
jour	NOUN	jour
où	PRON	où
je	PRON	je
me	PRON	me
suis	AUX	être
éveillée	VERB	éveiller
dans	ADP	dans
mon	DET	mon
petit	ADJ	petit
lit	NOUN	lit
,	PUNCT	,
et	CCONJ	et
où	PRON	où
la	DET	le
pauvre	ADJ	pauvre
vieille	NOUN	vieux
est	AUX	être
venue	VERB	venir
en	ADP	en
pleurant	VERB	pleurer
me	PRON	me
dire	VERB	dire
,	PUNCT	,
mettant	VERB	mettre
ses	DET	son
paroles	NOUN	parole
à	ADP	à
ma	DET	mon
portée	NOUN	portée
:	PUNCT	:
—	PUNCT	—
Pâtie	NOUN	pâtie
,	PUNCT	,
maman	NOUN	maman
.	PUNCT	.
Pâtie	NOUN	pâtie
...	PUNCT	...
Loin	ADV	loin
...	PUNCT	...
loin	ADV	loin
...	PUNCT	...
Partie	NOUN	partie
?	PUNCT	?
Pendant	ADP	pendant
que	SCONJ	que
je	PRON	je
dormais	VERB	dormir
?	PUNCT	?
Dès	ADP	dès
cette	DET	ce
minute	NOUN	minute
,	PUNCT	,
la	DET	le
grande	ADJ	grand
terreur	NOUN	terreur
sourde	ADJ	sourd
a	AUX	avoir
cessé	VERB	cesser
d'	ADP	de
être	AUX	être
délicieuse	ADJ	délicieux
.	PUNCT	.
Cependant	ADV	cependant
je	PRON	je
n'	ADV	n'
ai	AUX	avoir
pas	ADV	pas
pleuré	VERB	pleurer
,	PUNCT	,
pas	ADV	pas
questionné	VERB	questionner
.	PUNCT	.
On	PRON	on
ne	ADV	ne
sait	VERB	savoir
pas	ADV	pas
ce	PRON	ce
qu'	PRON	qu'
il	PRON	il
y	PRON	y
a	VERB	avoir
dans	ADP	dans
les	DET	le
enfants	NOUN	enfant
qui	PRON	qui
ne	ADV	ne
disent	VERB	dire
rien	PRON	rien
.	PUNCT	.
La	DET	le
bonne	ADJ	bon
femme	NOUN	femme
a	AUX	avoir
dû	VERB	devoir
penser	VERB	penser
:	PUNCT	:
«	PUNCT	«
Trop	ADV	trop
petit	ADJ	petit
...	PUNCT	...
Ça	PRON	cela
ne	ADV	ne
comprend	VERB	comprendre
pas	ADV	pas
encore	ADV	encore
...	PUNCT	...
»	PUNCT	»
Et	CCONJ	et
elle	PRON	lui
a	AUX	avoir
continué	VERB	continuer
de	ADP	de
me	PRON	me
soigner	VERB	soigner
gentiment	ADV	gentiment
,	PUNCT	,
de	ADP	de
son	DET	son
mieux	NOUN	mieux
,	PUNCT	,
comme	SCONJ	comme
elle	PRON	lui
le	PRON	le
fait	VERB	faire
toujours	ADV	toujours
,	PUNCT	,
et	CCONJ	et
j'	PRON	je
ai	AUX	avoir
été	AUX	être
la	DET	le
petite	ADJ	petit
fille	NOUN	fille
sans	ADP	sans
parents	NOUN	parent
qu'	PRON	qu'
on	PRON	on
a	AUX	avoir
mise	VERB	mettre
en	ADP	en
nourrice	NOUN	nourrice
.	PUNCT	.
Seulement	ADV	seulement
j'	PRON	je
étais	VERB	être
chez	ADP	chez
nous	PRON	nous
,	PUNCT	,
chez	ADP	chez
moi	PRON	moi
.	PUNCT	.
Je	PRON	je
ne	ADV	ne
sais	VERB	savoir
pas	ADV	pas
comment	ADV	comment
c'	PRON	ce
est	AUX	être
venu	VERB	venir
.	PUNCT	.
Petit	ADJ	petit
à	ADP	à
petit	ADJ	petit
j'	PRON	je
ai	AUX	avoir
su	VERB	savoir
que	SCONJ	que
le	DET	le
manoir	NOUN	manoir
de	ADP	de
Gourneville	PROPN	Gourneville
nous	PRON	nous
appartenait	VERB	appartenir
,	PUNCT	,
que	SCONJ	que
c'	PRON	ce
était	AUX	être
notre	DET	notre
bien	NOUN	bien
,	PUNCT	,
une	DET	un
partie	NOUN	partie
de	ADP	de
la	DET	le
dot	NOUN	dot
de	ADP	de
maman	NOUN	maman
,	PUNCT	,
et	CCONJ	et
ma	DET	mon
dot	NOUN	dot
future	ADJ	futur
à	ADP	à
moi	PRON	moi
.	PUNCT	.
La	DET	le
mère	NOUN	mère
Lacoste	PROPN	Lacoste
dit	VERB	dire
:	PUNCT	:
«	PUNCT	«
C'	PRON	ce
est	AUX	être
ta	DET	ton
légitime	ADJ	légitime
,	PUNCT	,
ma	DET	mon
Charlotte	PROPN	Charlotte
.	PUNCT	.
»	PUNCT	»
J'	PRON	je
ai	AUX	avoir
su	VERB	savoir
cela	PRON	cela
.	PUNCT	.
J'	PRON	je
ai	AUX	avoir
su	VERB	savoir
que	SCONJ	que
papa	NOUN	papa
et	CCONJ	et
maman	NOUN	maman
voyageaient	VERB	voyager
en	ADP	en
Algérie	PROPN	Algérie
parce	SCONJ	parce
que	SCONJ	que
papa	NOUN	papa
est	AUX	être
architecte	ADJ	architect
et	CCONJ	et
qu'	SCONJ	que
il	PRON	il
faut	VERB	falloir
qu'	SCONJ	que
il	PRON	il
gagne	VERB	gagne
beaucoup	ADV	beaucoup
d'	ADP	de
argent	NOUN	argent
là	ADV	là
-	NOUN	-
bas	ADV	bas
.	PUNCT	.
C'	PRON	ce
est	AUX	être
le	DET	le
pays	NOUN	pays
de	ADP	de
son	DET	son
père	NOUN	père
et	CCONJ	et
de	ADP	de
sa	DET	son
mère	NOUN	mère
.	PUNCT	.
C'	PRON	ce
est	AUX	être
tout	ADV	tout
près	ADV	près
d'	ADP	de
eux	PRON	lui
qu'	PRON	qu'
il	PRON	il
habite	VERB	habite
avec	ADP	avec
maman	NOUN	maman
,	PUNCT	,
quand	SCONJ	quand
ils	PRON	il
ne	ADV	ne
sont	VERB	être
pas	ADV	pas
en	ADP	en
tournée	NOUN	tournée
dans	ADP	dans
d'	DET	d'
autres	ADJ	autre
contrées	NOUN	contrée
de	ADP	de
là	PRON	là
-	PROPN	-
bas	NOUN	bas
.	PUNCT	.
Et	CCONJ	et
j'	PRON	je
ai	AUX	avoir
longtemps	ADV	longtemps
cru	VERB	croire
que	SCONJ	que
ce	DET	ce
grand-père	NOUN	grand-père
et	CCONJ	et
cette	DET	ce
grand'mère	NOUN	grand'mère
que	PRON	que
j'	PRON	je
avais	VERB	avoir
en	ADP	en
Algérie	PROPN	Algérie
étaient	AUX	être
des	DET	un
espèces	NOUN	espèce
de	ADP	de
sauvages	NOUN	sauvage
avec	ADP	avec
des	DET	un
anneaux	NOUN	anneau
dans	ADP	dans
le	DET	le
nez	NOUN	nez
.	PUNCT	.
Papa	NOUN	papa
et	CCONJ	et
maman	NOUN	maman
sont	AUX	être
revenus	VERB	revenir
,	PUNCT	,
du	ADP	de
reste	NOUN	reste
.	PUNCT	.
J'	PRON	je
avais	AUX	avoir
grandi	VERB	grandir
.	PUNCT	.
Ils	PRON	il
ont	AUX	avoir
ri	VERB	rire
en	ADP	en
me	PRON	me
voyant	VERB	voir
.	PUNCT	.
Je	PRON	je
devais	VERB	devoir
alors	ADV	alors
avoir	VERB	avoir
cinq	NUM	cinq
ans	NOUN	an
à	ADP	à
peu	ADV	peu
près	ADV	près
.	PUNCT	.
Mes	DET	mon
cheveux	NOUN	cheveu
,	PUNCT	,
que	PRON	que
la	DET	le
mène	NOUN	mène
Lacoste	PROPN	Lacoste
avait	AUX	avoir
laissés	VERB	laisser
repousser	VERB	repousser
,	PUNCT	,
formaient	VERB	former
déjà	ADV	déjà
deux	NUM	deux
grosses	ADJ	gros
nattes	NOUN	natte
sur	ADP	sur
mon	DET	mon
dos	NOUN	dos
.	PUNCT	.
J'	PRON	je
ai	VERB	avoir
des	DET	un
cheveux	NOUN	cheveu
épais	ADJ	épais
comme	ADP	comme
l'	DET	le
herbe	NOUN	herbe
de	ADP	de
juin	NOUN	juin
,	PUNCT	,
et	CCONJ	et
qui	PRON	qui
seront	AUX	être
très	ADV	très
longs	ADJ	long
.	PUNCT	.
Mais	CCONJ	mais
ils	PRON	il
sont	AUX	être
d'	ADP	de
une	DET	un
couleur	NOUN	couleur
qui	PRON	qui
n'	ADV	n'
en	PRON	en
est	AUX	être
pas	ADV	pas
une	PRON	un
.	PUNCT	.
On	PRON	on
ne	ADV	ne
sait	VERB	savoir
pas	ADV	pas
si	SCONJ	si
c'	PRON	ce
est	AUX	être
blond	ADJ	blond
,	PUNCT	,
si	SCONJ	si
c'	PRON	ce
est	AUX	être
gris	ADJ	gris
,	PUNCT	,
si	SCONJ	si
c'	PRON	ce
est	AUX	être
jaune	ADJ	jaune
.	PUNCT	.
Cela	PRON	cela
a	VERB	avoir
plutôt	ADV	plutôt
la	DET	le
couleur	NOUN	couleur
du	ADP	de
foin	NOUN	foin
.	PUNCT	.
C'	PRON	ce
est	AUX	être
sec	ADJ	sec
et	CCONJ	et
lourd	ADJ	lourd
autour	ADV	autour
de	ADP	de
ma	DET	mon
figure	NOUN	figure
,	PUNCT	,
et	CCONJ	et
ça	PRON	cela
ne	ADV	ne
frise	VERB	frise
pas	ADV	pas
.	PUNCT	.
Mes	DET	mon
joues	NOUN	joue
sont	AUX	être
à	ADP	à
peu	ADV	peu
près	ADV	près
de	ADP	de
la	DET	le
même	ADJ	même
teinte	NOUN	teinte
,	PUNCT	,
et	CCONJ	et
j'	PRON	je
ai	VERB	avoir
toujours	ADV	toujours
mon	DET	mon
museau	NOUN	museau
de	ADP	de
chien	NOUN	chien
-	NOUN	-
loup	NOUN	loup
,	PUNCT	,
encore	ADV	encore
plus	ADV	plus
chien	NOUN	chien
-	NOUN	-
loup	NOUN	loup
depuis	ADP	depuis
que	SCONJ	que
mes	DET	mon
vraies	ADJ	vrai
dents	NOUN	dent
sont	AUX	être
sorties	VERB	sortir
,	PUNCT	,
toutes	ADJ	tout
bousculées	VERB	bousculer
,	PUNCT	,
aiguës	ADJ	aigu
,	PUNCT	,
et	CCONJ	et
trop	ADV	trop
blanches	ADJ	blanc
dans	ADP	dans
ma	DET	mon
figure	NOUN	figure
sans	ADP	sans
couleur	NOUN	couleur
.	PUNCT	.
Mes	DET	mon
yeux	NOUN	oeil
aussi	ADV	aussi
sont	AUX	être
d'	ADP	de
une	DET	un
nuance	NOUN	nuance
à	ADP	à
laquelle	PRON	lequel
on	PRON	on
ne	ADV	ne
donne	VERB	donne
pas	ADV	pas
de	DET	de
nom	NOUN	nom
,	PUNCT	,
copiée	VERB	copier
sur	ADP	sur
celle	PRON	celui
de	ADP	de
mes	DET	mon
cheveux	NOUN	cheveu
et	CCONJ	et
de	ADP	de
mes	DET	mon
joues	NOUN	joue
.	PUNCT	.
Mon	DET	mon
père	NOUN	père
,	PUNCT	,
à	ADP	à
ce	DET	ce
premier	ADJ	premier
retour	NOUN	retour
,	PUNCT	,
me	PRON	me
dit	VERB	dire
,	PUNCT	,
dès	ADP	dès
le	DET	le
soir	NOUN	soir
de	ADP	de
leur	DET	leur
arrivée	NOUN	arrivée
:	PUNCT	:
—	PUNCT	—
Toutoune	PROPN	Toutoune
,	PUNCT	,
pourquoi	ADV	pourquoi
es	AUX	être
-	PRON	-
tu	PRON	tu
laide	ADJ	laid
,	PUNCT	,
ma	DET	mon
fille	NOUN	fille
?	PUNCT	?
Et	CCONJ	et
maman	PROPN	maman
répondit	VERB	répondre
:	PUNCT	:
—	PUNCT	—
Elle	PRON	lui
ressemble	VERB	ressemble
à	ADP	à
la	DET	le
vieille	ADJ	vieux
tante	NOUN	tante
Dorothée	PROPN	Dorothée
comme	ADP	comme
si	SCONJ	si
on	PRON	on
la	PRON	le
voyait	VERB	voir
.	PUNCT	.
Franchement	ADV	franchement
,	PUNCT	,
c'	PRON	ce
est	AUX	être
agaçant	ADJ	agaçant
!	PUNCT	!
Tous	ADJ	tout
deux	PRON	deux
eurent	VERB	avoir
un	DET	un
fou	NOUN	fou
-	NOUN	-
rire	NOUN	rire
.	PUNCT	.
Moi	PRON	moi
je	PRON	je
n'	ADV	n'
étais	AUX	être
pas	ADV	pas
fâchée	VERB	fâcher
.	PUNCT	.
Je	PRON	je
ne	ADV	ne
pouvais	VERB	pouvoir
pas	ADV	pas
être	AUX	être
fâchée	VERB	fâcher
.	PUNCT	.
Maman	PROPN	Maman
était	VERB	être
là	ADV	là
.	PUNCT	.
Je	PRON	je
n'	ADV	n'
avais	AUX	avoir
jamais	ADV	jamais
oublié	VERB	oublier
ses	DET	son
yeux	NOUN	oeil
.	PUNCT	.
Et	CCONJ	et
pourtant	ADV	pourtant
j'	PRON	je
en	PRON	en
eus	VERB	avoir
,	PUNCT	,
dès	ADP	dès
l'	DET	le
instant	NOUN	instant
où	PRON	où
je	PRON	je
les	PRON	le
revis	VERB	revoir
,	PUNCT	,
une	DET	un
surprise	NOUN	surprise
inouïe	ADJ	inouï
.	PUNCT	.
Je	PRON	je
croyais	VERB	croire
les	PRON	le
avoir	AUX	avoir
inventés	VERB	inventer
dans	ADP	dans
mon	DET	mon
souvenir	NOUN	souvenir
.	PUNCT	.
On	PRON	on
embrouille	VERB	embrouille
tout	PRON	tout
,	PUNCT	,
quand	SCONJ	quand
on	PRON	on
est	AUX	être
si	ADV	si
petit	ADJ	petit
;	PUNCT	;
et	CCONJ	et
j'	PRON	je
avais	AUX	avoir
eu	VERB	avoir
déjà	ADV	déjà
le	DET	le
temps	NOUN	temps
de	ADP	de
contrôler	VERB	contrôler
que	SCONJ	que
bien	ADV	bien
des	ADP	de
choses	NOUN	chose
qui	PRON	qui
ne	ADV	ne
changent	VERB	changer
pas	ADV	pas
n'	ADV	n'
étaient	AUX	être
plus	ADV	plus
les	DET	le
mêmes	ADJ	même
à	ADP	à
mes	DET	mon
regards	NOUN	regard
,	PUNCT	,
depuis	ADP	depuis
que	SCONJ	que
je	PRON	je
grandissais	VERB	grandir
.	PUNCT	.
Mais	CCONJ	mais
les	DET	le
yeux	NOUN	oeil
de	ADP	de
maman	PROPN	maman
...	PUNCT	...
Je	PRON	je
me	PRON	me
rendais	VERB	rendre
compte	NOUN	compte
aussi	ADV	aussi
de	ADP	de
ce	PRON	ce
qui	PRON	qui
m'	PRON	me
avait	AUX	avoir
échappé	VERB	échapper
jusqu'	ADP	jusque
ici	ADV	ici
.	PUNCT	.
Comme	SCONJ	comme
elle	PRON	lui
était	AUX	être
grande	ADJ	grand
,	PUNCT	,
mince	ADJ	mince
et	CCONJ	et
souple	ADJ	souple
!	PUNCT	!
Et	CCONJ	et
comme	SCONJ	comme
elle	PRON	lui
était	AUX	être
bien	ADV	bien
habillée	VERB	habiller
!	PUNCT	!
Son	DET	son
parfum	NOUN	parfum
,	PUNCT	,
qu'	PRON	qu'
elle	PRON	lui
n'	ADV	n'
avait	AUX	avoir
pas	ADV	pas
changé	VERB	changer
,	PUNCT	,
qu'	SCONJ	que
elle	PRON	lui
ne	ADV	ne
changera	VERB	changer
jamais	ADV	jamais
,	PUNCT	,
dit	VERB	dire
-t	PRON	-t
-elle	PRON	lui
,	PUNCT	,
comme	SCONJ	comme
il	PRON	il
me	PRON	me
reprenait	VERB	reprendre
,	PUNCT	,
comme	SCONJ	comme
il	PRON	il
me	PRON	me
bouleversait	VERB	bouleverser
!	PUNCT	!
La	DET	le
présence	NOUN	présence
de	ADP	de
maman	NOUN	maman
,	PUNCT	,
c'	PRON	ce
est	AUX	être
une	DET	un
griserie	NOUN	griserie
pour	ADP	pour
moi	PRON	moi
.	PUNCT	.
Voilà	VERB	voilà
.	PUNCT	.
C'	PRON	ce
était	AUX	être
déjà	ADV	déjà
cela	PRON	cela
quand	SCONJ	quand
je	PRON	je
n'	ADV	n'
avais	VERB	avoir
que	ADV	que
deux	NUM	deux
ans	NOUN	an
et	CCONJ	et
demi	NOUN	demi
.	PUNCT	.
Ils	PRON	il
ne	ADV	ne
restèrent	VERB	rester
,	PUNCT	,
à	ADP	à
ce	DET	ce
voyage	NOUN	voyage
-là	NOUN	-là
,	PUNCT	,
que	ADV	que
quinze	NUM	quinze
jours	NOUN	jour
,	PUNCT	,
s'	PRON	se
occupant	VERB	occuper
toujours	ADV	toujours
très	ADV	très
peu	ADV	peu
de	ADP	de
moi	PRON	moi
,	PUNCT	,
enfermés	VERB	enfermer
dans	ADP	dans
leur	DET	leur
chambre	NOUN	chambre
ou	CCONJ	ou
se	PRON	se
promenant	VERB	promener
ensemble	ADV	ensemble
dans	ADP	dans
le	DET	le
parc	NOUN	parc
.	PUNCT	.
C'	PRON	ce
était	AUX	être
l'	DET	le
été	NOUN	été
.	PUNCT	.
Comme	SCONJ	comme
j'	PRON	je
aurais	AUX	avoir
voulu	VERB	vouloir
donner	VERB	donner
la	DET	le
main	NOUN	main
à	ADP	à
maman	PROPN	maman
,	PUNCT	,
dans	ADP	dans
la	DET	le
belle	ADJ	bel
avenue	NOUN	avenue
de	ADP	de
hêtres	NOUN	hêtre
qu'	PRON	qu'
on	PRON	on
appelle	VERB	appeler
la	DET	le
cour	NOUN	cour
d'	ADP	de
honneur	NOUN	honneur
!	PUNCT	!
Mais	CCONJ	mais
je	PRON	je
me	PRON	me
sentais	VERB	sentir
de	ADP	de
trop	ADV	trop
,	PUNCT	,
et	CCONJ	et
je	PRON	je
restais	VERB	rester
dans	ADP	dans
mon	DET	mon
coin	NOUN	coin
,	PUNCT	,
au	ADP	au
jardin	NOUN	jardin
ou	CCONJ	ou
dans	ADP	dans
la	DET	le
salle	NOUN	salle
à	ADP	à
manger	VERB	manger
,	PUNCT	,
toute	ADV	toute
seule	ADJ	seul
,	PUNCT	,
habituée	VERB	habituer
.	PUNCT	.
Le	DET	le
jour	NOUN	jour
qu'	PRON	qu'
ils	PRON	il
repartirent	VERB	repartir
,	PUNCT	,
je	PRON	je
ne	ADV	ne
pleurai	VERB	pleurer
toujours	ADV	toujours
pas	ADV	pas
.	PUNCT	.
Leur	DET	leur
départ	NOUN	départ
me	PRON	me
semblait	VERB	sembler
naturel	ADJ	naturel
.	PUNCT	.
Ce	PRON	ce
qui	PRON	qui
n'	ADV	n'
était	AUX	être
pas	ADV	pas
naturel	ADJ	naturel
c'	PRON	ce
était	VERB	être
qu'	SCONJ	que
ils	PRON	il
fussent	VERB	être
là	ADV	là
.	PUNCT	.
Et	CCONJ	et
la	DET	le
vie	NOUN	vie
reprit	VERB	reprendre
comme	ADP	comme
avant	ADV	avant
,	PUNCT	,
un	DET	un
peu	ADV	peu
plus	ADV	plus
précise	ADJ	précis
chaque	DET	chaque
jour	NOUN	jour
,	PUNCT	,
et	CCONJ	et
,	PUNCT	,
pour	ADP	pour
ainsi	ADV	ainsi
dire	VERB	dire
,	PUNCT	,
solidifiée	VERB	solidifier
par	ADP	par
les	DET	le
souvenirs	NOUN	souvenir
plus	ADV	plus
exacts	ADJ	exact
laissés	VERB	laisser
par	ADP	par
maman	PROPN	maman
.	PUNCT	.
Il	PRON	il
y	PRON	y
a	VERB	avoir
des	DET	un
enfants	NOUN	enfant
auxquels	PRON	auxquels
on	PRON	on
fait	VERB	faire
des	DET	un
contes	NOUN	conte
bleus	ADJ	bleu
pour	ADP	pour
les	PRON	le
émerveiller	VERB	émerveiller
.	PUNCT	.
Le	DET	le
merveilleux	NOUN	merveilleux
de	ADP	de
mon	DET	mon
enfance	NOUN	enfance
,	PUNCT	,
à	ADP	à
moi	PRON	moi
,	PUNCT	,
c'	PRON	ce
est	AUX	être
maman	NOUN	maman
.	PUNCT	.
Ses	DET	son
visites	NOUN	visite
sont	AUX	être
des	DET	un
féeries	NOUN	féerie
.	PUNCT	.
Elle	PRON	lui
vient	VERB	venir
,	PUNCT	,
elle	PRON	lui
sent	VERB	sentir
bon	ADJ	bon
,	PUNCT	,
elle	PRON	lui
est	AUX	être
belle	ADJ	bel
---	PUNCT	---
puis	CCONJ	puis
elle	PRON	lui
disparaît	VERB	disparaître
pour	ADP	pour
longtemps	ADV	longtemps
,	PUNCT	,
longtemps	ADV	longtemps
.	PUNCT	.
Et	CCONJ	et
moi	PRON	moi
je	PRON	je
reste	VERB	reste
avec	ADP	avec
des	DET	un
traînées	NOUN	traînée
de	ADP	de
lumière	NOUN	lumière
dans	ADP	dans
les	DET	le
yeux	NOUN	oeil
pendant	ADP	pendant
des	DET	un
mois	NOUN	mois
,	PUNCT	,
attendant	VERB	attendre
le	DET	le
retour	NOUN	retour
miraculeux	ADJ	miraculeux
.	PUNCT	.
Ce	DET	ce
soir	NOUN	soir
,	PUNCT	,
voilà	VERB	voilà
---	PUNCT	---
c'	PRON	ce
est	AUX	être
comme	ADP	comme
hier	ADV	hier
et	CCONJ	et
avant-hier	ADV	avant-hier
...	PUNCT	...
Je	PRON	je
pleure	VERB	pleure
.	PUNCT	.
Cette	DET	ce
fois	NOUN	fois
-	NOUN	-
ci	NOUN	ci
,	PUNCT	,
je	PRON	je
pleure	VERB	pleure
.	PUNCT	.
Elle	PRON	lui
vient	VERB	venir
de	ADP	de
passer	VERB	passer
un	DET	un
mois	NOUN	mois
chez	ADP	chez
nous	PRON	nous
,	PUNCT	,
avec	ADP	avec
papa	NOUN	papa
.	PUNCT	.
Ils	PRON	il
sont	AUX	être
repartis	VERB	repartir
depuis	ADP	depuis
quelques	DET	quelque
jours	NOUN	jour
.	PUNCT	.
C'	PRON	ce
était	VERB	être
et	CCONJ	et
c'	PRON	ce
est	AUX	être
encore	ADV	encore
l'	DET	le
été	NOUN	été
.	PUNCT	.
J'	PRON	je
ai	VERB	avoir
près	ADV	près
de	ADP	de
neuf	NUM	neuf
ans	NOUN	an
maintenant	ADV	maintenant
.	PUNCT	.
Tous	ADJ	tout
les	DET	le
dix	NUM	dix
mois	NOUN	mois
à	ADP	à
peu	ADV	peu
près	ADV	près
elle	PRON	lui
est	AUX	être
arrivée	VERB	arriver
comme	ADP	comme
cela	PRON	cela
,	PUNCT	,
pour	ADP	pour
repartir	VERB	repartir
.	PUNCT	.
Je	PRON	je
devrais	VERB	devoir
m'	PRON	me
y	PRON	y
faire	VERB	faire
.	PUNCT	.
Mais	CCONJ	mais
,	PUNCT	,
cette	DET	ce
fois	NOUN	fois
-	NOUN	-
ci	NOUN	ci
,	PUNCT	,
je	PRON	je
ne	ADV	ne
peux	VERB	pouvoir
pas	ADV	pas
supporter	VERB	supporter
le	DET	le
départ	NOUN	départ
de	ADP	de
maman	NOUN	maman
.	PUNCT	.
On	PRON	on
souffre	VERB	souffrir
bien	ADV	bien
plus	ADV	plus
quand	SCONJ	quand
on	PRON	on
est	AUX	être
grande	ADJ	grand
.	PUNCT	.
Elle	PRON	lui
me	PRON	me
versait	VERB	verser
une	DET	un
goutte	NOUN	goutte
de	ADP	de
son	DET	son
parfum	NOUN	parfum
dans	ADP	dans
mon	DET	mon
mouchoir	NOUN	mouchoir
,	PUNCT	,
le	DET	le
matin	NOUN	matin
,	PUNCT	,
quand	SCONJ	quand
j'	PRON	je
entrais	VERB	entrer
dans	ADP	dans
sa	DET	son
chambre	NOUN	chambre
.	PUNCT	.
Elle	PRON	lui
me	PRON	me
permettait	VERB	permettre
d'	ADP	de
y	PRON	y
entrer	VERB	entrer
...	PUNCT	...
Qu'	SCONJ	que
il	PRON	il
y	PRON	y
avait	VERB	avoir
de	DET	de
jolies	ADJ	joli
choses	NOUN	chose
qu'	PRON	qu'
elle	PRON	lui
a	AUX	avoir
remportées	VERB	remporter
!	PUNCT	!
Des	DET	un
flacons	NOUN	flacon
,	PUNCT	,
des	DET	un
boîtes	NOUN	boîte
,	PUNCT	,
des	DET	un
brosses	NOUN	brosse
...	PUNCT	...
On	PRON	on
a	AUX	avoir
refermé	VERB	refermer
la	DET	le
porte	NOUN	porte
jusqu'	ADP	jusque
à	ADP	à
ce	PRON	ce
qu'	SCONJ	que
elle	PRON	lui
revienne	VERB	revenir
...	PUNCT	...
—	PUNCT	—
Au	ADP	au
revoir	NOUN	revoir
,	PUNCT	,
Toutoune	PROPN	Toutoune
!	PUNCT	!
Elle	PRON	lui
avait	AUX	avoir
l'	DET	le
air	NOUN	air
si	ADV	si
ravi	ADJ	ravir
de	ADP	de
repartir	VERB	repartir
avec	ADP	avec
papa	NOUN	papa
pour	ADP	pour
ses	DET	son
pays	NOUN	pays
sauvages	ADJ	sauvage
que	PRON	que
je	PRON	je
n'	ADV	n'
ai	AUX	avoir
pas	ADV	pas
pu	VERB	pouvoir
pleurer	VERB	pleurer
sur	ADP	sur
le	DET	le
moment	NOUN	moment
.	PUNCT	.
D'	ADP	de
ailleurs	ADV	ailleurs
elle	PRON	lui
m'	PRON	me
intimide	VERB	intimide
tant	ADV	tant
que	SCONJ	que
je	PRON	je
m'	PRON	me
en	PRON	en
étouffe	VERB	étouffe
quand	SCONJ	quand
je	PRON	je
suis	AUX	être
près	ADV	près
d'	ADP	de
elle	PRON	lui
.	PUNCT	.
Je	PRON	je
ne	ADV	ne
peux	VERB	pouvoir
pas	ADV	pas
lui	PRON	lui
parler	VERB	parler
.	PUNCT	.
Je	PRON	je
n'	ADV	n'
en	PRON	en
ai	VERB	avoir
même	ADV	même
pas	ADV	pas
envie	NOUN	envie
.	PUNCT	.
Qu'	PRON	qu'
est	AUX	être
-ce	PRON	-ce
que	PRON	que
je	PRON	je
lui	PRON	lui
dirais	VERB	dire
?	PUNCT	?
Et	CCONJ	et
puis	CCONJ	puis
il	PRON	il
y	PRON	y
a	VERB	avoir
toujours	ADV	toujours
,	PUNCT	,
toujours	ADV	toujours
papa	NOUN	papa
qui	PRON	qui
est	VERB	être
là	ADV	là
,	PUNCT	,
qui	PRON	qui
me	PRON	me
regarde	VERB	regarde
avec	ADP	avec
son	DET	son
air	NOUN	air
moqueur	ADJ	moqueur
.	PUNCT	.
Ils	PRON	il
sont	VERB	être
comme	ADP	comme
des	DET	un
beaux	ADJ	beal
étrangers	NOUN	étranger
dans	ADP	dans
la	DET	le
maison	NOUN	maison
.	PUNCT	.
Est	AUX	être
-ce	PRON	-ce
qu'	SCONJ	que
on	PRON	on
sait	VERB	savoir
?	PUNCT	?
...	PUNCT	...
Peut	ADV	peut
-	ADV	-
être	ADV	être
que	SCONJ	que
je	PRON	je
ne	ADV	ne
suis	AUX	être
pas	ADV	pas
leur	DET	leur
fille	NOUN	fille
?	PUNCT	?
Ils	PRON	il
disent	VERB	dire
cela	PRON	cela
comme	ADP	comme
le	DET	le
reste	NOUN	reste
,	PUNCT	,
pour	ADP	pour
s'	PRON	se
amuser	VERB	amuser
.	PUNCT	.
Papa	NOUN	papa
ne	ADV	ne
me	PRON	me
parle	VERB	parle
que	ADV	que
pour	ADP	pour
me	PRON	me
raconter	VERB	raconter
des	DET	un
blagues	NOUN	blague
,	PUNCT	,
et	CCONJ	et
elle	PRON	lui
,	PUNCT	,
elle	PRON	lui
rit	VERB	rire
.	PUNCT	.
La	DET	le
mère	NOUN	mère
Lacoste	PROPN	Lacoste
,	PUNCT	,
quand	SCONJ	quand
nous	PRON	nous
nous	PRON	nous
retrouvons	VERB	retrouver
seules	ADJ	seul
dans	ADP	dans
la	DET	le
maison	NOUN	maison
,	PUNCT	,
me	PRON	me
regarde	VERB	regarde
avec	ADP	avec
un	DET	un
drôle	NOUN	drôle
d'	ADP	de
air	NOUN	air
,	PUNCT	,
et	CCONJ	et
me	PRON	me
dit	VERB	dire
en	ADP	en
soupirant	VERB	soupirer
:	PUNCT	:
«	PUNCT	«
Mon	DET	mon
por'	NOUN	por'
tit	ADJ	tit
bézot	NOUN	bézot
,	PUNCT	,
on	PRON	on
n'	ADV	n'
t'	PRON	te
a	AUX	avoir
pas	ADV	pas
fait	VERB	faire
grande	ADJ	grand
révérence	NOUN	révérence
encô	ADV	encô
c'	NOUN	c'
coup	NOUN	coup
-	PRON	-
ci	PRON	ci
...	PUNCT	...
»	PUNCT	»
Et	CCONJ	et
puis	CCONJ	puis
elle	PRON	lui
se	PRON	se
tait	VERB	taire
comme	ADP	comme
si	SCONJ	si
elle	PRON	lui
en	PRON	en
avait	VERB	avoir
trop	ADV	trop
sur	ADP	sur
le	DET	le
cœur	NOUN	cœur
.	PUNCT	.
Les	DET	le
petites	ADJ	petit
filles	NOUN	fille
que	PRON	que
je	PRON	je
connais	VERB	connaître
à	ADP	à
la	DET	le
ville	NOUN	ville
et	CCONJ	et
ici	ADV	ici
,	PUNCT	,
au	ADP	au
village	NOUN	village
,	PUNCT	,
ont	VERB	avoir
des	DET	un
parents	NOUN	parent
qui	PRON	qui
leur	PRON	leur
ressemblent	VERB	ressembler
.	PUNCT	.
Elles	PRON	lui
ont	VERB	avoir
des	DET	un
mères	NOUN	mère
qui	PRON	qui
restent	VERB	rester
avec	ADP	avec
elles	PRON	lui
.	PUNCT	.
Il	PRON	il
est	VERB	être
vrai	ADJ	vrai
que	SCONJ	que
,	PUNCT	,
ces	DET	ce
mères	NOUN	mère
-là	NOUN	-là
,	PUNCT	,
ce	PRON	ce
n'	ADV	n'
est	AUX	être
pas	ADV	pas
maman	NOUN	maman
.	PUNCT	.
Elle	PRON	lui
est	AUX	être
trop	ADV	trop
belle	ADJ	bel
pour	ADP	pour
rester	VERB	rester
avec	ADP	avec
moi	PRON	moi
qui	PRON	qui
suis	AUX	être
laide	ADJ	laid
.	PUNCT	.
On	PRON	on
dit	VERB	dire
que	SCONJ	que
papa	NOUN	papa
est	AUX	être
beau	ADJ	beau
aussi	ADV	aussi
.	PUNCT	.
Moi	PRON	moi
,	PUNCT	,
je	PRON	je
ne	ADV	ne
vois	VERB	voir
pas	ADV	pas
cela	PRON	cela
.	PUNCT	.
C'	PRON	ce
est	AUX	être
un	DET	un
monsieur	NOUN	Monsieur
,	PUNCT	,
voilà	VERB	voilà
tout	PRON	tout
.	PUNCT	.
Et	CCONJ	et
je	PRON	je
ne	ADV	ne
l'	PRON	l'
aime	VERB	aime
pas	ADV	pas
.	PUNCT	.
Mais	CCONJ	mais
maman	NOUN	maman
!	PUNCT	!
...	PUNCT	...
Oh	INTJ	Oh
!	PUNCT	!
ma	DET	mon
maman	NOUN	maman
!	PUNCT	!
Ma	DET	mon
maman	NOUN	maman
,	PUNCT	,
parfumée	VERB	parfumer
,	PUNCT	,
ma	DET	mon
maman	NOUN	maman
aux	ADP	à
yeux	NOUN	oeil
bleus	ADJ	bleu
,	PUNCT	,
ma	DET	mon
maman	NOUN	maman
aux	ADP	à
jolies	ADJ	joli
robes	NOUN	robe
douces	ADJ	doux
,	PUNCT	,
ma	DET	mon
maman	NOUN	maman
trop	ADV	trop
belle	ADJ	bel
pour	ADP	pour
moi	PRON	moi
,	PUNCT	,
ma	DET	mon
maman	NOUN	maman
,	PUNCT	,
ma	DET	mon
maman	NOUN	maman
...	PUNCT	...

	 	 
L'	DET	le
enfant	NOUN	enfant
nocturne	ADJ	nocturne
sanglotait	VERB	sangloter
.	PUNCT	.
Le	DET	le
petit	ADJ	petit
lit	NOUN	lit
était	AUX	être
secoué	VERB	secouer
.	PUNCT	.
Dans	ADP	dans
la	DET	le
tête	NOUN	tête
ronde	ADJ	rond
aux	ADP	à
deux	NUM	deux
grosses	ADJ	gros
nattes	NOUN	natte
couleur	NOUN	couleur
de	ADP	de
foin	NOUN	foin
,	PUNCT	,
tout	ADJ	tout
cela	PRON	cela
passait	VERB	passer
et	CCONJ	et
repassait	VERB	repasser
.	PUNCT	.
C'	PRON	ce
était	AUX	être
en	ADP	en
désordre	NOUN	désordre
,	PUNCT	,
non	ADV	non
formulé	VERB	formuler
,	PUNCT	,
choses	NOUN	chose
ressassées	VERB	ressasser
mais	CCONJ	mais
informes	ADJ	informe
,	PUNCT	,
car	CCONJ	car
les	DET	le
enfants	NOUN	enfant
,	PUNCT	,
même	ADV	même
à	ADP	à
eux	PRON	lui
-	PRON	-
mêmes	PRON	même
,	PUNCT	,
ne	ADV	ne
savent	VERB	savoir
pas	ADV	pas
dire	VERB	dire
.	PUNCT	.
Maintenant	ADV	maintenant
,	PUNCT	,
elle	PRON	lui
sentait	VERB	sentir
le	DET	le
sommeil	NOUN	sommeil
venir	VERB	venir
.	PUNCT	.
Sa	DET	son
maison	NOUN	maison
,	PUNCT	,
sa	DET	son
«	PUNCT	«
légitime	ADJ	légitime
»	PUNCT	»
était	AUX	être
autour	ADV	autour
d'	ADP	de
elle	PRON	lui
,	PUNCT	,
vide	ADJ	vide
,	PUNCT	,
avec	ADP	avec
la	DET	le
lourde	ADJ	lourd
dormition	NOUN	dormition
de	ADP	de
la	DET	le
vieille	ADJ	vieux
nourrice	NOUN	nourrice
à	ADP	à
côté	NOUN	côté
,	PUNCT	,
les	DET	le
ronflements	NOUN	ronflement
,	PUNCT	,
quelque	DET	quelque
part	ADV	part
,	PUNCT	,
de	ADP	de
l'	DET	le
ancien	ADJ	ancien
douanier	NOUN	douanier
qui	PRON	qui
,	PUNCT	,
les	DET	le
nuits	NOUN	nuit
,	PUNCT	,
couchait	VERB	coucher
en	ADP	en
bas	NOUN	bas
pour	ADP	pour
les	PRON	le
garder	VERB	garder
toutes	ADJ	tout
deux	PRON	deux
.	PUNCT	.
Et	CCONJ	et
,	PUNCT	,
par	ADP	par
delà	ADP	delà
les	DET	le
fenêtres	NOUN	fenêtre
à	ADP	à
petits	ADJ	petit
carreaux	NOUN	carreau
,	PUNCT	,
il	PRON	il
y	PRON	y
avait	VERB	avoir
le	DET	le
parc	NOUN	parc
,	PUNCT	,
puis	CCONJ	puis
la	DET	le
grande	ADJ	grand
campagne	NOUN	campagne
normande	ADJ	normand
,	PUNCT	,
puis	CCONJ	puis
le	DET	le
ciel	NOUN	ciel
avec	ADP	avec
ses	DET	son
diamants	NOUN	diamant
,	PUNCT	,
puis	CCONJ	puis
le	DET	le
monde	NOUN	monde
.	PUNCT	.
Et	CCONJ	et
,	PUNCT	,
tout	ADV	tout
au	ADP	au
bout	NOUN	bout
du	ADP	de
monde	NOUN	monde
,	PUNCT	,
il	PRON	il
y	PRON	y
avait	VERB	avoir
l'	DET	le
Algérie	PROPN	Algérie
vers	ADP	vers
quoi	PRON	quoi
se	PRON	se
dirigeaient	VERB	diriger
les	DET	le
absents	NOUN	absent
,	PUNCT	,
les	DET	le
parents	NOUN	parent
coupables	ADJ	coupable
qui	PRON	qui
n'	ADV	n'
aimaient	VERB	aimer
pas	ADV	pas
leur	DET	leur
enfant	NOUN	enfant
parce	SCONJ	parce
qu'	SCONJ	que
ils	PRON	il
étaient	AUX	être
trop	ADV	trop
amoureux	ADJ	amoureux
,	PUNCT	,
parce	SCONJ	parce
qu'	SCONJ	que
ils	PRON	il
préféraient	VERB	préférer
leurs	DET	leur
plaisirs	NOUN	plaisir
,	PUNCT	,
leurs	DET	leur
voyages	NOUN	voyage
,	PUNCT	,
leurs	DET	leur
bals	NOUN	bal
,	PUNCT	,
le	DET	le
mouvement	NOUN	mouvement
,	PUNCT	,
la	DET	le
mondanité	NOUN	mondanité
.	PUNCT	.
Charlotte	PROPN	Charlotte
Villeroy	PROPN	Villeroy
,	PUNCT	,
le	DET	le
nez	NOUN	nez
dans	ADP	dans
les	DET	le
larmes	NOUN	larme
,	PUNCT	,
a	AUX	avoir
fermé	VERB	fermer
ses	DET	son
yeux	NOUN	oeil
gonflés	VERB	gonfler
.	PUNCT	.
Dormir	VERB	dormir
,	PUNCT	,
c'	PRON	ce
est	AUX	être
bon	ADJ	bon
,	PUNCT	,
quand	SCONJ	quand
on	PRON	on
a	VERB	avoir
gros	ADJ	gros
cœur	NOUN	cœur
.	PUNCT	.
La	DET	le
veilleuse	NOUN	veilleuse
,	PUNCT	,
dont	PRON	dont
la	DET	le
toute	ADV	toute
petite	ADJ	petit
flamme	NOUN	flamme
bouge	VERB	bouger
toujours	ADV	toujours
dans	ADP	dans
son	DET	son
huile	NOUN	huile
,	PUNCT	,
balance	VERB	balancer
des	DET	un
fantômes	NOUN	fantôme
lents	ADJ	lent
à	ADP	à
travers	NOUN	travers
la	DET	le
chambre	NOUN	chambre
campagnarde	ADJ	campagnard
qui	PRON	qui
sent	VERB	sentir
un	DET	un
peu	ADV	peu
le	DET	le
champignon	NOUN	champignon
.	PUNCT	.
Les	DET	le
grillons	NOUN	grillon
du	ADP	de
dehors	ADV	dehors
remplissent	VERB	remplir
la	DET	le
nuit	NOUN	nuit
,	PUNCT	,
gorgée	VERB	gorger
des	ADP	de
senteurs	NOUN	senteur
du	ADP	de
dernier	ADJ	dernier
foin	NOUN	foin
.	PUNCT	.
Une	DET	un
vache	NOUN	vache
meugle	VERB	meugle
loin	ADV	loin
,	PUNCT	,
dans	ADP	dans
les	DET	le
herbages	NOUN	herbage
.	PUNCT	.
La	DET	le
grosse	ADJ	gros
horloge	NOUN	horloge
d'	ADP	de
en	ADP	en
bas	NOUN	bas
sonne	VERB	sonne
quelque	DET	quelque
chose	NOUN	chose
.	PUNCT	.
Et	CCONJ	et
,	PUNCT	,
roulée	VERB	rouler
dans	ADP	dans
sa	DET	son
chemise	NOUN	chemise
de	ADP	de
nuit	NOUN	nuit
enfantine	ADJ	enfantin
,	PUNCT	,
la	DET	le
pauvre	ADJ	pauvre
Toutoune	PROPN	Toutoune
,	PUNCT	,
jeune	ADJ	jeune
chien	NOUN	chien
sans	ADP	sans
maître	NOUN	maître
,	PUNCT	,
s'	PRON	se
endort	VERB	endormir
enfin	ADV	enfin
parmi	ADP	parmi
ses	DET	son
cheveux	NOUN	cheveu
et	CCONJ	et
ses	DET	son
larmes	NOUN	larme
,	PUNCT	,
profondément	ADV	profondément
.	PUNCT	.

	 
	 	 
	 
II	PROPN	II
UNE	DET	un
JOURNÉE	NOUN	journée
D'	ADP	de
ENFANT	NOUN	enfant
Les	DET	le
rayons	NOUN	rayon
d'	ADP	de
août	NOUN	août
sont	VERB	être
à	ADP	à
la	DET	le
fenêtre	NOUN	fenêtre
depuis	ADP	depuis
plusieurs	DET	plusieurs
heures	NOUN	heure
.	PUNCT	.
Tous	ADJ	tout
les	DET	le
coqs	NOUN	coq
chantent	VERB	chanter
,	PUNCT	,
tous	ADJ	tout
les	DET	le
chiens	NOUN	chien
aboient	VERB	aboyer
,	PUNCT	,
tous	ADJ	tout
les	DET	le
grillons	NOUN	grillon
craquent	VERB	craquer
,	PUNCT	,
toutes	ADJ	tout
les	DET	le
feuilles	NOUN	feuille
chauffent	VERB	chauffer
.	PUNCT	.
La	DET	le
cloche	NOUN	cloche
du	ADP	de
village	NOUN	village
sonne	VERB	sonne
.	PUNCT	.
Des	DET	un
voix	NOUN	voix
parlent	VERB	parler
,	PUNCT	,
ici	ADV	ici
et	CCONJ	et
plus	ADV	plus
loin	ADV	loin
.	PUNCT	.
Des	DET	un
essieux	NOUN	essieu
cognent	VERB	cogner
au	ADP	au
creux	NOUN	creux
des	ADP	de
routes	NOUN	route
.	PUNCT	.
La	DET	le
grosse	ADJ	gros
horloge	NOUN	horloge
d'	ADP	de
en	ADP	en
bas	NOUN	bas
frappe	VERB	frappe
sept	NUM	sept
coups	NOUN	coup
retentissants	ADJ	retentissant
.	PUNCT	.
Ô	PUNCT	ô
réveil	NOUN	réveil
d'	ADP	de
une	DET	un
petite	ADJ	petit
fille	NOUN	fille
dans	ADP	dans
la	DET	le
fraîcheur	NOUN	fraîcheur
du	ADP	de
matin	NOUN	matin
d'	ADP	de
été	NOUN	été
!	PUNCT	!
Toutoune	PROPN	Toutoune
se	PRON	se
retourne	VERB	retourne
dans	ADP	dans
son	DET	son
lit	NOUN	lit
,	PUNCT	,
se	PRON	se
frotte	VERB	frotte
les	DET	le
yeux	NOUN	oeil
,	PUNCT	,
les	PRON	le
ouvre	VERB	ouvrir
,	PUNCT	,
et	CCONJ	et
ressuscite	VERB	ressuscite
.	PUNCT	.
La	DET	le
chambre	NOUN	chambre
,	PUNCT	,
camaïeu	NOUN	camaïeu
rose	ADJ	rose
et	CCONJ	et
blanc	ADJ	blanc
qui	PRON	qui
s'	PRON	se
éraille	VERB	éraille
,	PUNCT	,
meubles	NOUN	meuble
rustiques	ADJ	rustique
et	CCONJ	et
vénérables	ADJ	vénérable
,	PUNCT	,
semble	VERB	semble
dire	VERB	dire
bonjour	NOUN	bonjour
,	PUNCT	,
de	ADP	de
tout	ADJ	tout
le	DET	le
sourire	NOUN	sourire
de	ADP	de
ses	DET	son
fenêtres	NOUN	fenêtre
,	PUNCT	,
illuminées	VERB	illuminer
derrière	ADP	derrière
les	DET	le
rideaux	NOUN	rideau
tirés	VERB	tirer
.	PUNCT	.
Une	DET	un
ombre	NOUN	ombre
couleur	NOUN	couleur
de	ADP	de
feuille	NOUN	feuille
est	AUX	être
enfermée	VERB	enfermer
entre	ADP	entre
les	DET	le
murs	NOUN	mur
,	PUNCT	,
et	CCONJ	et
baigne	VERB	baigne
les	DET	le
choses	NOUN	chose
.	PUNCT	.
Toute	ADJ	tout
la	DET	le
maison	NOUN	maison
romanesque	ADJ	romanesque
trempe	VERB	trempe
dans	ADP	dans
une	DET	un
demi	ADJ	demi
obscurité	NOUN	obscurité
pareille	ADJ	pareil
,	PUNCT	,
venue	NOUN	venue
des	ADP	de
arbres	NOUN	arbre
trop	ADV	trop
proches	ADJ	proche
.	PUNCT	.
La	DET	le
Normandie	PROPN	Normandie
étouffe	VERB	étouffe
sous	ADP	sous
la	DET	le
verdure	NOUN	verdure
.	PUNCT	.
Humidité	NOUN	humidité
,	PUNCT	,
mélancolie	NOUN	mélancolie
,	PUNCT	,
ses	DET	son
manoirs	NOUN	manoir
et	CCONJ	et
ses	DET	son
fermes	NOUN	ferme
ont	VERB	avoir
peine	NOUN	peine
à	ADP	à
voir	VERB	voir
le	DET	le
jour	NOUN	jour
,	PUNCT	,
à	ADP	à
travers	NOUN	travers
l'	DET	le
envahissement	NOUN	envahissement
vert	ADJ	vert
sombre	ADJ	sombre
.	PUNCT	.
—	PUNCT	—
Qu'	PRON	qu'
est	AUX	être
-ce	PRON	-ce
que	SCONJ	que
j'	PRON	je
ai	VERB	avoir
?	PUNCT	?
Le	DET	le
petit	ADJ	petit
cœur	NOUN	cœur
se	PRON	se
souvient	VERB	souvenir
.	PUNCT	.
Endormie	NOUN	endormie
en	ADP	en
pleurant	VERB	pleurer
...	PUNCT	...
Comme	SCONJ	comme
c'	PRON	ce
est	AUX	être
triste	ADJ	triste
quand	SCONJ	quand
on	PRON	on
n'	ADV	n'
a	VERB	avoir
pas	ADV	pas
neuf	NUM	neuf
ans	NOUN	an
.	PUNCT	.
La	DET	le
douleur	NOUN	douleur
d'	ADP	de
un	DET	un
enfant	NOUN	enfant
,	PUNCT	,
lorsqu'	SCONJ	lorsque
elle	PRON	lui
ne	ADV	ne
vient	VERB	venir
pas	ADV	pas
de	ADP	de
quelque	DET	quelque
poupée	NOUN	poupée
cassée	VERB	casser
,	PUNCT	,
a	VERB	avoir
quelque	DET	quelque
chose	NOUN	chose
de	ADP	de
sacrilège	ADJ	sacrilège
.	PUNCT	.
Douleur	NOUN	douleur
de	ADP	de
grande	ADJ	grand
personne	NOUN	personne
,	PUNCT	,
douleur	NOUN	douleur
qui	PRON	qui
n'	ADV	n'
êtes	VERB	être
pas	ADV	pas
à	ADP	à
l'	DET	le
échelle	NOUN	échelle
,	PUNCT	,
est	AUX	être
-ce	PRON	-ce
que	SCONJ	que
vous	PRON	vous
ne	ADV	ne
pourriez	VERB	pouvoir
pas	ADV	pas
me	PRON	me
laisser	VERB	laisser
être	AUX	être
de	ADP	de
mon	DET	mon
âge	NOUN	âge
?	PUNCT	?
Quand	SCONJ	quand
je	PRON	je
serai	AUX	être
grande	ADJ	grand
,	PUNCT	,
qu'	PRON	qu'
aura	VERB	avoir
-t	PRON	-t
-on	PRON	on
à	ADP	à
m'	PRON	me
offrir	VERB	offrir
pour	ADP	pour
réparer	VERB	réparer
cet	DET	ce
irréparable	ADJ	irréparable
:	PUNCT	:
mon	DET	mon
enfance	NOUN	enfance
attristée	VERB	attrister
?	PUNCT	?
Toutoune	PROPN	Toutoune
,	PUNCT	,
assise	VERB	asseoir
contre	ADP	contre
l'	DET	le
oreiller	NOUN	oreiller
,	PUNCT	,
réalise	VERB	réalise
que	SCONJ	que
sa	DET	son
mère	NOUN	mère
est	AUX	être
partie	VERB	partir
,	PUNCT	,
et	CCONJ	et
ne	ADV	ne
reviendra	VERB	revenir
pas	ADV	pas
avant	ADP	avant
de	DET	de
longs	ADJ	long
mois	NOUN	mois
.	PUNCT	.
La	DET	le
petite	ADJ	petit
pâlotte	NOUN	pâlotte
baisse	VERB	baisse
la	DET	le
tête	NOUN	tête
.	PUNCT	.
Ses	DET	son
deux	NUM	deux
grosses	ADJ	gros
nattes	NOUN	natte
,	PUNCT	,
pareilles	ADJ	pareil
à	ADP	à
de	ADP	de
l'	DET	le
herbe	NOUN	herbe
séchée	VERB	sécher
et	CCONJ	et
tordue	ADJ	tordre
,	PUNCT	,
pendent	VERB	pendre
le	DET	le
long	ADV	long
de	ADP	de
sa	DET	son
figure	NOUN	figure
mal	ADV	mal
équarrie	VERB	équarrir
où	PRON	où
les	DET	le
yeux	NOUN	oeil
,	PUNCT	,
avec	ADP	avec
leur	DET	leur
regard	NOUN	regard
malheureux	ADJ	malheureux
,	PUNCT	,
mettent	VERB	mettre
un	DET	un
charme	NOUN	charme
singulier	ADJ	singulier
.	PUNCT	.
Et	CCONJ	et
,	PUNCT	,
tout	ADV	tout
à	ADP	à
coup	NOUN	coup
,	PUNCT	,
un	DET	un
petit	ADJ	petit
plaisir	NOUN	plaisir
traverse	VERB	traverse
la	DET	le
grande	ADJ	grand
souffrance	NOUN	souffrance
sans	ADP	sans
paroles	NOUN	parole
.	PUNCT	.
Toutoune	PROPN	Toutoune
a	AUX	avoir
fait	VERB	faire
un	DET	un
bond	NOUN	bond
pour	ADP	pour
sauter	VERB	sauter
du	ADP	de
lit	NOUN	lit
.	PUNCT	.
Longue	ADJ	long
chemise	NOUN	chemise
de	ADP	de
nuit	NOUN	nuit
blanche	ADJ	blanc
,	PUNCT	,
elle	PRON	lui
traverse	VERB	traverse
la	DET	le
chambre	NOUN	chambre
,	PUNCT	,
pieds	NOUN	pied
nus	ADJ	nu
sur	ADP	sur
le	DET	le
glacial	ADJ	glacial
carreau	NOUN	carreau
rouge	ADJ	rouge
de	ADP	de
l'	DET	le
ancien	ADJ	ancien
temps	NOUN	temps
,	PUNCT	,
et	CCONJ	et
s'	PRON	se
en	PRON	en
va	VERB	aller
tirer	VERB	tirer
de	ADP	de
toutes	ADJ	tout
ses	DET	son
forces	NOUN	force
le	DET	le
tiroir	NOUN	tiroir
difficile	ADJ	difficile
de	ADP	de
la	DET	le
commode	NOUN	commode
Louis	PROPN	Louis
XVI	NUM	XVI
.	PUNCT	.
Là	ADV	là
dedans	ADV	dedans
est	AUX	être
caché	VERB	cacher
le	DET	le
mouchoir	NOUN	mouchoir
sur	ADP	sur
lequel	PRON	lequel
maman	NOUN	maman
a	AUX	avoir
versé	VERB	verser
la	DET	le
dernière	ADJ	dernier
goutte	NOUN	goutte
de	ADP	de
parfum	NOUN	parfum
.	PUNCT	.
Toutoune	PROPN	Toutoune
l'	PRON	l'
a	AUX	avoir
caché	VERB	cacher
sous	ADP	sous
des	DET	un
amas	NOUN	amas
de	ADP	de
choses	NOUN	chose
,	PUNCT	,
pour	ADP	pour
n'	ADV	n'
être	AUX	être
pas	ADV	pas
tentée	VERB	tenter
de	ADP	de
le	PRON	le
respirer	VERB	respirer
trop	ADV	trop
souvent	ADV	souvent
.	PUNCT	.
Elle	PRON	lui
croit	VERB	croire
que	SCONJ	que
respirer	VERB	respirer
un	DET	un
parfum	NOUN	parfum
l'	PRON	l'
use	VERB	use
.	PUNCT	.
En	ADP	en
laissant	VERB	laisser
enfermé	VERB	enfermer
le	DET	le
mouchoir	NOUN	mouchoir
,	PUNCT	,
l'	DET	le
odeur	NOUN	odeur
se	PRON	se
conservera	VERB	conserver
très	ADV	très
longtemps	ADV	longtemps
,	PUNCT	,
peut-être	ADV	peut-être
jusqu'	ADP	jusque
au	ADP	au
retour	NOUN	retour
de	ADP	de
l'	DET	le
absente	NOUN	absent
.	PUNCT	.
Le	DET	le
tiroir	NOUN	tiroir
enfin	ADV	enfin
ouvert	VERB	ouvrir
,	PUNCT	,
l'	DET	le
enfant	NOUN	enfant
trouve	VERB	trouve
son	DET	son
trésor	NOUN	trésor
.	PUNCT	.
La	PRON	le
voici	VERB	voici
qui	PRON	qui
plonge	VERB	plonger
son	DET	son
museau	NOUN	museau
de	ADP	de
chien	NOUN	chien
-	NOUN	-
loup	NOUN	loup
dans	ADP	dans
le	DET	le
petit	ADJ	petit
linge	NOUN	linge
ensorcelé	VERB	ensorceler
.	PUNCT	.
Parfum	NOUN	parfum
,	PUNCT	,
parfum	NOUN	parfum
qui	PRON	qui
évoques	VERB	évoquer
,	PUNCT	,
qui	PRON	qui
fais	AUX	faire
naître	VERB	naître
des	DET	un
apparitions	NOUN	apparition
derrière	ADP	derrière
les	DET	le
paupières	NOUN	paupière
closes	ADJ	clos
de	ADP	de
l'	DET	le
extase	NOUN	extase
,	PUNCT	,
parfum	NOUN	parfum
,	PUNCT	,
présence	NOUN	présence
réelle	ADJ	réel
,	PUNCT	,
cruel	ADJ	cruel
parfum	NOUN	parfum
qui	PRON	qui
nous	PRON	nous
redonne	VERB	redonne
tout	ADJ	tout
un	DET	un
être	NOUN	être
,	PUNCT	,
alors	ADV	alors
que	SCONJ	que
nos	DET	notre
pauvres	ADJ	pauvre
bras	NOUN	bras
ne	ADV	ne
serrent	VERB	serrer
sur	ADP	sur
nos	DET	notre
pauvres	ADJ	pauvre
cœurs	NOUN	cœur
que	ADV	que
du	ADP	de
vide	NOUN	vide
...	PUNCT	...
Les	DET	le
larmes	NOUN	larme
aux	ADP	à
yeux	NOUN	oeil
encore	ADV	encore
,	PUNCT	,
la	DET	le
petite	ADJ	petit
fille	NOUN	fille
retourne	VERB	retourne
à	ADP	à
son	DET	son
lit	NOUN	lit
,	PUNCT	,
saute	VERB	saute
dedans	ADV	dedans
d'	ADP	de
un	DET	un
bond	NOUN	bond
,	PUNCT	,
renfonce	VERB	renfoncer
sous	ADP	sous
les	DET	le
couvertures	NOUN	couverture
ses	DET	son
pieds	NOUN	pied
refroidis	VERB	refroidir
,	PUNCT	,
son	DET	son
corps	NOUN	corps
étroit	ADJ	étroit
.	PUNCT	.
Faisons	VERB	faire
semblant	NOUN	semblant
de	ADP	de
dormir	VERB	dormir
,	PUNCT	,
car	CCONJ	car
voici	VERB	voici
la	DET	le
mère	NOUN	mère
Lacoste	PROPN	Lacoste
qui	PRON	qui
monte	VERB	monte
.	PUNCT	.
Ce	DET	ce
mouchoir	NOUN	mouchoir
,	PUNCT	,
c'	PRON	ce
est	AUX	être
un	DET	un
grand	ADJ	grand
secret	NOUN	secret
qu'	PRON	qu'
il	PRON	il
ne	ADV	ne
faut	VERB	falloir
pas	ADV	pas
dire	VERB	dire
.	PUNCT	.
C'	PRON	ce
est	AUX	être
gentil	ADJ	gentil
d'	ADP	de
avoir	VERB	avoir
ce	DET	ce
secret	NOUN	secret
-là	NOUN	-là
dans	ADP	dans
son	DET	son
âme	NOUN	âme
...	PUNCT	...
—	PUNCT	—
Bonjour	NOUN	bonjour
,	PUNCT	,
ma	DET	mon
Charlotte	PROPN	Charlotte
!	PUNCT	!
La	DET	le
mère	NOUN	mère
Lacoste	PROPN	Lacoste
porte	VERB	porte
avec	ADP	avec
soin	NOUN	soin
le	DET	le
plateau	NOUN	plateau
de	ADP	de
bois	NOUN	bois
où	PRON	où
fume	VERB	fume
le	DET	le
bol	NOUN	bol
de	ADP	de
café	NOUN	café
au	ADP	au
lait	NOUN	lait
,	PUNCT	,
où	PRON	où
le	DET	le
pain	NOUN	pain
mollet	ADJ	mollet
,	PUNCT	,
le	DET	le
beurre	NOUN	beurre
et	CCONJ	et
le	DET	le
sucre	NOUN	sucre
s'	PRON	se
échafaudent	VERB	échafauder
.	PUNCT	.
Son	DET	son
profil	NOUN	profil
de	ADP	de
vieille	ADJ	vieux
Normande	NOUN	normande
au	ADP	au
beau	ADJ	beau
nez	NOUN	nez
,	PUNCT	,
dessine	VERB	dessine
sur	ADP	sur
le	DET	le
camaïeu	NOUN	camaïeu
ses	DET	son
lignes	NOUN	ligne
nettes	ADJ	net
.	PUNCT	.
Elle	PRON	lui
est	AUX	être
grande	ADJ	grand
,	PUNCT	,
osseuse	ADJ	osseux
,	PUNCT	,
édentée	ADJ	édenté
,	PUNCT	,
coiffée	VERB	coiffer
d'	ADP	de
un	DET	un
bonnet	NOUN	bonnet
blanc	ADJ	blanc
,	PUNCT	,
respectable	ADJ	respectable
,	PUNCT	,
propre	ADJ	propre
,	PUNCT	,
avec	ADP	avec
des	DET	un
petits	ADJ	petit
yeux	NOUN	oeil
sérieux	ADJ	sérieux
et	CCONJ	et
réticents	ADJ	réticent
où	PRON	où
veille	VERB	veille
la	DET	le
froideur	NOUN	froideur
moqueuse	ADJ	moqueur
de	ADP	de
la	DET	le
race	NOUN	race
,	PUNCT	,
pour	ADP	pour
remettre	VERB	remettre
chacun	PRON	chacun
à	ADP	à
sa	DET	son
place	NOUN	place
et	CCONJ	et
repousser	VERB	repousser
les	DET	le
familiarités	NOUN	familiarité
.	PUNCT	.
Cette	DET	ce
dignité	NOUN	dignité
naturelle	ADJ	naturel
,	PUNCT	,
apanage	NOUN	apanage
de	ADP	de
ceux	PRON	celui
de	ADP	de
chez	ADP	chez
nous	PRON	nous
,	PUNCT	,
sait	VERB	savoir
quelquefois	ADV	quelquefois
s'	PRON	se
attendrir	VERB	attendrir
quand	SCONJ	quand
il	PRON	il
le	PRON	le
faut	VERB	falloir
.	PUNCT	.
Les	DET	le
vieux	ADJ	vieux
petits	ADJ	petit
yeux	NOUN	oeil
dévisagent	VERB	dévisager
Toutoune	PROPN	Toutoune
,	PUNCT	,
tandis	ADV	tandis
que	SCONJ	que
les	DET	le
mains	NOUN	main
serviables	ADJ	serviable
disposent	VERB	disposer
le	DET	le
plateau	NOUN	plateau
sur	ADP	sur
le	DET	le
lit	NOUN	lit
.	PUNCT	.
—	PUNCT	—
Tu	PRON	tu
as	AUX	avoir
bien	ADV	bien
reposé	VERB	reposer
,	PUNCT	,
mon	DET	mon
bézot	NOUN	bézot
?	PUNCT	?
...	PUNCT	...
Un	DET	un
baiser	NOUN	baiser
effleure	VERB	effleure
le	DET	le
petit	ADJ	petit
front	NOUN	front
lisse	ADJ	lisse
.	PUNCT	.
La	DET	le
mère	NOUN	mère
Lacoste	PROPN	Lacoste
est	AUX	être
aussi	ADV	aussi
câline	ADJ	câlin
que	PRON	que
peut	VERB	pouvoir
l'	PRON	l'
être	AUX	être
une	DET	un
vieille	ADJ	vieux
Normande	PROPN	Normande
,	PUNCT	,
et	CCONJ	et
sa	DET	son
grande	ADJ	grand
pitié	NOUN	pitié
de	ADP	de
la	DET	le
gamine	NOUN	gamin
délaissée	VERB	délaisser
qu'	PRON	qu'
elle	PRON	lui
élève	VERB	élever
lui	PRON	lui
fait	AUX	faire
trouver	VERB	trouver
des	DET	un
mots	NOUN	mot
et	CCONJ	et
des	DET	un
gestes	NOUN	geste
d'	ADP	de
aïeule	NOUN	aïeul
.	PUNCT	.
Mais	CCONJ	mais
elle	PRON	lui
a	VERB	avoir
les	DET	le
doigts	NOUN	doigt
rugueux	ADJ	rugueux
,	PUNCT	,
sent	VERB	sentir
un	DET	un
peu	ADV	peu
la	DET	le
lessive	NOUN	lessive
,	PUNCT	,
et	CCONJ	et
son	DET	son
humble	ADJ	humble
camisole	NOUN	camisole
est	AUX	être
dure	ADJ	dur
sous	ADP	sous
la	DET	le
joue	NOUN	joue
,	PUNCT	,
quand	SCONJ	quand
elle	PRON	lui
dorlote	VERB	dorlote
;	PUNCT	;
et	CCONJ	et
Toutoune	PROPN	Toutoune
ne	ADV	ne
sait	VERB	savoir
pas	ADV	pas
elle-même	PRON	lui-même
à	ADP	à
quel	DET	quel
point	NOUN	point
elle	PRON	lui
souffre	VERB	souffrir
de	ADP	de
ces	DET	ce
choses	NOUN	chose
.	PUNCT	.
Les	DET	le
mains	NOUN	main
de	ADP	de
Lacoste	PROPN	Lacoste
sur	ADP	sur
les	DET	le
siennes	NOUN	sienne
lui	PRON	lui
font	AUX	faire
éprouver	VERB	éprouver
une	DET	un
gêne	NOUN	gêne
qu'	PRON	qu'
elle	PRON	lui
ignore	VERB	ignore
être	AUX	être
de	ADP	de
la	DET	le
répulsion	NOUN	répulsion
.	PUNCT	.
J'	PRON	je
aime	VERB	aime
bien	ADV	bien
ma	DET	mon
vieille	ADJ	vieux
nourrice	NOUN	nourrice
,	PUNCT	,
mais	CCONJ	mais
tous	ADJ	tout
les	DET	le
enchantements	NOUN	enchantement
qui	PRON	qui
viennent	VERB	venir
de	ADP	de
maman	NOUN	maman
,	PUNCT	,
est	AUX	être
-ce	PRON	-ce
que	SCONJ	que
je	PRON	je
les	PRON	le
subirais	VERB	subir
avec	ADP	avec
cette	DET	ce
émotion	NOUN	émotion
,	PUNCT	,
si	SCONJ	si
je	PRON	je
n'	ADV	n'
étais	AUX	être
née	VERB	naître
sensitive	ADJ	sensitif
?	PUNCT	?
Après	ADP	après
la	DET	le
toilette	NOUN	toilette
sommaire	ADJ	sommaire
,	PUNCT	,
campagnarde	ADJ	campagnard
,	PUNCT	,
que	PRON	que
Mme	NOUN	mme
Lacoste	PROPN	Lacoste
juge	VERB	juger
bien	ADV	bien
suffisante	ADJ	suffisant
,	PUNCT	,
voici	VERB	voici
l'	DET	le
enfant	NOUN	enfant
habillée	VERB	habiller
.	PUNCT	.
C'	PRON	ce
est	AUX	être
une	DET	un
robe	NOUN	robe
,	PUNCT	,
ou	CCONJ	ou
plutôt	ADV	plutôt
une	DET	un
blouse	NOUN	blouse
de	ADP	de
toile	NOUN	toile
rude	ADJ	rude
,	PUNCT	,
envoyée	VERB	envoyer
de	ADP	de
Paris	PROPN	Paris
,	PUNCT	,
solide	ADJ	solide
et	CCONJ	et
simple	ADJ	simple
,	PUNCT	,
et	CCONJ	et
dans	ADP	dans
le	DET	le
style	NOUN	style
qui	PRON	qui
convient	VERB	convier
à	ADP	à
Toutoune	PROPN	Toutoune
;	PUNCT	;
ce	PRON	ce
sont	AUX	être
des	DET	un
chaussettes	NOUN	chaussette
de	ADP	de
fil	NOUN	fil
et	CCONJ	et
de	ADP	de
fortes	ADJ	fort
bottines	NOUN	bottine
à	ADP	à
lacets	NOUN	lacet
,	PUNCT	,
tenue	NOUN	tenue
de	ADP	de
plein	ADJ	plein
air	NOUN	air
,	PUNCT	,
tenue	NOUN	tenue
de	ADP	de
liberté	NOUN	liberté
.	PUNCT	.
Huit	NUM	Huit
heures	NOUN	heure
.	PUNCT	.
C'	PRON	ce
est	AUX	être
le	DET	le
moment	NOUN	moment
des	ADP	de
devoirs	NOUN	devoir
et	CCONJ	et
des	ADP	de
leçons	NOUN	leçon
.	PUNCT	.
Mlle	NOUN	mlle
Calpelle	PROPN	Calpelle
est	AUX	être
chargée	VERB	charger
de	ADP	de
l'	DET	le
instruction	NOUN	instruction
de	ADP	de
la	DET	le
petite	ADJ	petit
Villeroy	PROPN	Villeroy
.	PUNCT	.
C'	PRON	ce
est	AUX	être
la	DET	le
maîtresse	NOUN	maîtresse
d'	ADP	de
école	NOUN	école
du	ADP	de
village	NOUN	village
,	PUNCT	,
lequel	PRON	lequel
se	PRON	se
compose	VERB	compose
de	ADP	de
quatre	NUM	quatre
maisons	NOUN	maison
,	PUNCT	,
d'	ADP	de
une	DET	un
petite	ADJ	petit
église	NOUN	église
,	PUNCT	,
d'	ADP	de
une	DET	un
petite	ADJ	petit
mairie	NOUN	mairie
,	PUNCT	,
et	CCONJ	et
de	ADP	de
grandes	ADJ	grand
fermes	NOUN	ferme
dispersées	VERB	disperser
au	ADP	au
loin	ADV	loin
dans	ADP	dans
les	DET	le
profondeurs	NOUN	profondeur
de	ADP	de
la	DET	le
campagne	NOUN	campagne
.	PUNCT	.
Cette	DET	ce
jeune	ADJ	jeune
fille	NOUN	fille
vient	VERB	venir
deux	NUM	deux
fois	NOUN	fois
par	ADP	par
semaine	NOUN	semaine
,	PUNCT	,
à	ADP	à
cinq	NUM	cinq
heures	NOUN	heure
,	PUNCT	,
donner	VERB	donner
sa	DET	son
leçon	NOUN	leçon
.	PUNCT	.
Toutoune	PROPN	Toutoune
n'	ADV	n'
aime	VERB	aime
pas	ADV	pas
l'	DET	le
étude	NOUN	étude
,	PUNCT	,
et	CCONJ	et
n'	ADV	n'
est	AUX	être
point	ADV	point
consciencieuse	ADJ	consciencieux
.	PUNCT	.
—	PUNCT	—
Je	PRON	je
vais	VERB	aller
aller	VERB	aller
apprendre	VERB	apprendre
mes	DET	mon
leçons	NOUN	leçon
dehors	ADV	dehors
,	PUNCT	,
Nounou	PROPN	Nounou
!	PUNCT	!
Mme	NOUN	mme
Lacoste	PROPN	Lacoste
admire	VERB	admire
sans	ADP	sans
trop	ADV	trop
approuver	VERB	approuver
.	PUNCT	.
«	PUNCT	«
Est	AUX	être
bien	ADV	bien
du	ADP	de
cassement	NOUN	cassement
de	ADP	de
tête	NOUN	tête
,	PUNCT	,
tout	ADJ	tout
ça	PRON	cela
!	PUNCT	!
»	PUNCT	»
Toutoune	PROPN	Toutoune
,	PUNCT	,
le	DET	le
cartable	NOUN	cartable
sous	ADP	sous
le	DET	le
bras	NOUN	bras
,	PUNCT	,
toute	ADV	toute
petite	ADJ	petit
entre	ADP	entre
les	DET	le
deux	NUM	deux
doubles	ADJ	double
rangées	NOUN	rangée
de	ADP	de
hêtres	NOUN	hêtre
de	ADP	de
la	DET	le
cour	NOUN	cour
d'	ADP	de
honneur	NOUN	honneur
,	PUNCT	,
a	VERB	avoir
l'	DET	le
air	NOUN	air
de	ADP	de
s'	PRON	se
en	PRON	en
aller	VERB	aller
à	ADP	à
l'	DET	le
école	NOUN	école
.	PUNCT	.
Mais	CCONJ	mais
l'	DET	le
école	NOUN	école
où	PRON	où
elle	PRON	lui
va	VERB	aller
ne	ADV	ne
ressemble	VERB	ressemble
guère	ADV	guère
à	ADP	à
celle	PRON	celui
du	ADP	de
village	NOUN	village
.	PUNCT	.
C'	PRON	ce
est	AUX	être
le	DET	le
soleil	NOUN	soleil
et	CCONJ	et
l'	DET	le
ombre	NOUN	ombre
,	PUNCT	,
l'	DET	le
herbe	NOUN	herbe
et	CCONJ	et
les	DET	le
branches	NOUN	branche
,	PUNCT	,
les	DET	le
grillons	NOUN	grillon
et	CCONJ	et
les	DET	le
bourdons	NOUN	bourdon
qui	PRON	qui
vont	VERB	aller
faire	VERB	faire
le	DET	le
cours	NOUN	cours
.	PUNCT	.
À	ADP	à
cette	DET	ce
école	NOUN	école
-là	NOUN	-là
,	PUNCT	,
Toutoune	PROPN	Toutoune
sera	AUX	être
toute	ADV	toute
seule	ADJ	seul
,	PUNCT	,
ou	CCONJ	ou
,	PUNCT	,
du	ADP	de
moins	ADV	moins
,	PUNCT	,
les	DET	le
petits	ADJ	petit
chèvre	NOUN	chèvre
-	NOUN	-
pieds	NOUN	pied
qui	PRON	qui
sont	AUX	être
ses	DET	son
camarades	NOUN	camarade
resteront	VERB	rester
invisibles	ADJ	invisible
.	PUNCT	.
Il	PRON	il
s'	PRON	se
agit	VERB	agir
de	ADP	de
chercher	VERB	chercher
la	DET	le
meilleure	ADJ	meilleur
branche	NOUN	branche
pour	ADP	pour
s'	PRON	se
y	PRON	y
asseoir	VERB	asseoir
,	PUNCT	,
le	DET	le
livre	NOUN	livre
à	ADP	à
la	DET	le
main	NOUN	main
.	PUNCT	.
Les	DET	le
grands	ADJ	grand
hêtres	NOUN	hêtre
de	ADP	de
l'	DET	le
avenue	NOUN	avenue
ne	ADV	ne
se	PRON	se
laissent	VERB	laisser
pas	ADV	pas
faire	VERB	faire
.	PUNCT	.
Mais	CCONJ	mais
il	PRON	il
y	PRON	y
a	VERB	avoir
,	PUNCT	,
dans	ADP	dans
le	DET	le
parc	NOUN	parc
,	PUNCT	,
un	DET	un
certain	ADJ	certain
arbre	NOUN	arbre
qui	PRON	qui
a	VERB	avoir
des	DET	un
bras	NOUN	bras
de	ADP	de
mère	NOUN	mère
.	PUNCT	.
Son	DET	son
corsage	NOUN	corsage
de	ADP	de
mousse	NOUN	mousse
est	AUX	être
presque	ADV	presque
aussi	ADV	aussi
doux	ADJ	doux
que	SCONJ	que
ceux	PRON	celui
de	ADP	de
maman	NOUN	maman
.	PUNCT	.
Grimpée	VERB	grimper
avec	ADP	avec
son	DET	son
livre	NOUN	livre
,	PUNCT	,
Toutoune	PROPN	Toutoune
a	AUX	avoir
laissé	VERB	laisser
son	DET	son
cartable	NOUN	cartable
au	ADP	au
bas	NOUN	bas
de	ADP	de
l'	DET	le
arbre	NOUN	arbre
.	PUNCT	.
Un	DET	un
temps	NOUN	temps
.	PUNCT	.
Il	PRON	il
faut	VERB	falloir
bien	ADV	bien
d'	ADP	de
abord	ADV	abord
respirer	VERB	respirer
,	PUNCT	,
pour	ADP	pour
savoir	VERB	savoir
quel	DET	quel
goût	NOUN	goût
a	VERB	avoir
,	PUNCT	,
ce	DET	ce
matin	NOUN	matin
,	PUNCT	,
la	DET	le
nature	NOUN	nature
.	PUNCT	.
Et	CCONJ	et
puis	CCONJ	puis
,	PUNCT	,
entre	ADP	entre
les	DET	le
feuilles	NOUN	feuille
,	PUNCT	,
un	DET	un
morceau	NOUN	morceau
du	ADP	de
manoir	NOUN	manoir
se	PRON	se
voit	VERB	voir
,	PUNCT	,
et	CCONJ	et
Toutoune	PROPN	Toutoune
contemple	VERB	contemple
un	DET	un
peu	ADV	peu
«	PUNCT	«
sa	DET	son
légitime	ADJ	légitime
»	PUNCT	»
.	PUNCT	.
C'	PRON	ce
est	AUX	être
un	DET	un
épais	ADJ	épais
manoir	NOUN	manoir
Louis	PROPN	Louis
XIII	NUM	XIII
,	PUNCT	,
dont	PRON	dont
le	DET	le
grand	ADJ	grand
toit	NOUN	toit
simple	ADJ	simple
d'	ADP	de
ardoises	NOUN	ardoise
descend	VERB	descendre
très	ADV	très
bas	ADV	bas
sur	ADP	sur
les	DET	le
fenêtres	NOUN	fenêtre
à	ADP	à
petits	ADJ	petit
carreaux	NOUN	carreau
.	PUNCT	.
Une	DET	un
vigne	NOUN	vigne
vierge	ADJ	vierge
l'	PRON	l'
habille	VERB	habille
aux	ADP	à
couleurs	NOUN	couleur
de	ADP	de
la	DET	le
saison	NOUN	saison
,	PUNCT	,
vert	NOUN	vert
sur	ADP	sur
vert	NOUN	vert
.	PUNCT	.
«	PUNCT	«
Je	PRON	je
vois	VERB	voir
la	DET	le
fenêtre	NOUN	fenêtre
de	ADP	de
ma	DET	mon
chambre	NOUN	chambre
.	PUNCT	.
Je	PRON	je
vois	VERB	voir
la	DET	le
fenêtre	NOUN	fenêtre
de	ADP	de
maman	NOUN	maman
.	PUNCT	.
Celle	PRON	celui
de	ADP	de
Lacoste	PROPN	Lacoste
est	AUX	être
cachée	VERB	cacher
...	PUNCT	...
»	PUNCT	»
Toutoune	PROPN	Toutoune
a	AUX	avoir
tourné	VERB	tourner
la	DET	le
tête	NOUN	tête
.	PUNCT	.
Voici	VERB	voici
là	ADV	là
-	ADV	-
bas	ADV	bas
un	PRON	un
des	ADP	de
bouts	NOUN	bout
du	ADP	de
parc	NOUN	parc
.	PUNCT	.
C'	PRON	ce
est	AUX	être
une	DET	un
sorte	NOUN	sorte
de	ADP	de
terrasse	NOUN	terrasse
de	ADP	de
terre	NOUN	terre
qui	PRON	qui
donne	VERB	donne
sur	ADP	sur
la	DET	le
route	NOUN	route
et	CCONJ	et
sur	ADP	sur
le	DET	le
plateau	NOUN	plateau
tout	ADV	tout
en	ADP	en
moissons	NOUN	moisson
;	PUNCT	;
c'	PRON	ce
est	AUX	être
une	DET	un
balustrade	NOUN	balustrade
de	ADP	de
pierre	NOUN	pierre
,	PUNCT	,
prête	ADJ	prêt
à	ADP	à
s'	PRON	se
écrouler	VERB	écrouler
,	PUNCT	,
quatre	NUM	quatre
vieux	ADJ	vieux
vases	NOUN	vase
de	ADP	de
guingois	NOUN	guingoi
,	PUNCT	,
sur	ADP	sur
lesquels	PRON	lequel
monte	VERB	monte
une	DET	un
mousse	NOUN	mousse
haute	ADJ	haut
comme	ADP	comme
de	ADP	de
l'	DET	le
herbe	NOUN	herbe
.	PUNCT	.
Même	ADV	même
dans	ADP	dans
la	DET	le
pierre	NOUN	pierre
il	PRON	il
faut	VERB	falloir
que	SCONJ	que
la	DET	le
Normandie	PROPN	Normandie
fasse	AUX	faire
pousser	VERB	pousser
son	DET	son
éternel	ADJ	éternel
herbage	NOUN	herbage
.	PUNCT	.
—	PUNCT	—
Je	PRON	je
serais	AUX	être
peut-être	ADV	peut-être
mieux	ADV	mieux
près	ADV	près
de	ADP	de
l	DET	l